ds,y
2015-01-01,1.79
2015-01-02,1.71
2015-01-03,1.88
2015-01-04,1.87
2015-01-05,2.17
2015-01-06,2.16
2015-01-07,3.4
2015-01-08,2.28
2015-01-09,2.3
2015-01-10,2.06
2015-01-11,2.03
2015-01-12,1.91
2015-01-13,1.86
2015-01-14,1.96
2015-01-15,1.84
2015-01-16,1.76
2015-01-17,1.79
2015-01-18,2.01
2015-01-19,2.13
2015-01-20,2.2
2015-01-21,2.31
2015-01-22,2.15
2015-01-23,2.61
2015-01-24,2.37
2015-01-25,2.15
2015-01-26,2.16
2015-01-27,2.09
2015-01-28,2.07
2015-01-29,1.98
2015-01-30,1.75
2015-01-31,1.8
2015-02-01,2.04
2015-02-02,2.08
2015-02-03,2.03
2015-02-04,2.12
2015-02-05,2.2
2015-02-06,2.18
2015-02-07,2.09
2015-02-08,2.1
2015-02-09,2.11
2015-02-10,2.09
2015-02-11,1.95
2015-02-12,1.89
2015-02-13,1.98
2015-02-14,1.92
2015-02-15,1.7
2015-02-16,1.9
2015-02-17,2.48
2015-02-18,2.24
2015-02-19,2.3
2015-02-20,2.17
2015-02-21,2.48
2015-02-22,2.21
2015-02-23,2.16
2015-02-24,2.15
2015-02-25,1.99
2015-02-26,1.89
2015-02-27,1.72
2015-02-28,1.56
2015-03-01,1.69
2015-03-02,2.02
2015-03-03,2.13
2015-03-04,1.79
2015-03-05,2.04
2015-03-06,2.09
2015-03-07,2.03
2015-03-08,2.08
2015-03-09,2.02
2015-03-10,2.06
2015-03-11,2.12
2015-03-12,1.83
2015-03-13,1.85
2015-03-14,1.79
2015-03-15,3.61
2015-03-16,2.56
2015-03-17,1.86
2015-03-18,1.91
2015-03-19,2.07
2015-03-20,1.97
2015-03-21,2.21
2015-03-22,2.14
2015-03-23,2.2
2015-03-24,2.03
2015-03-25,2.12
2015-03-26,1.94
2015-03-27,1.81
2015-03-28,1.77
2015-03-29,1.79
2015-03-30,1.87
2015-03-31,1.88
2015-04-01,1.89
2015-04-02,1.83
2015-04-03,1.82
2015-04-04,1.86
2015-04-05,2.0
2015-04-06,1.93
2015-04-07,2.12
2015-04-08,2.17
2015-04-09,2.1
2015-04-10,2.21
2015-04-11,1.96
2015-04-12,1.88
2015-04-13,1.84
2015-04-14,1.85
2015-04-15,2.15
2015-04-16,2.09
2015-04-17,2.17
2015-04-18,2.02
2015-04-19,2.07
2015-04-20,2.17
2015-04-21,2.22
2015-04-22,2.84
2015-04-23,2.13
2015-04-24,2.03
2015-04-25,1.98
2015-04-26,1.97
2015-04-27,1.9
2015-04-28,1.87
2015-04-29,1.66
2015-04-30,1.83
2015-05-01,1.7
2015-05-02,1.8
2015-05-03,1.79
2015-05-04,1.99
2015-05-05,2.11
2015-05-06,2.13
2015-05-07,2.14
2015-05-08,2.22
2015-05-09,2.05
2015-05-10,2.0
2015-05-11,2.06
2015-05-12,2.08
2015-05-13,1.71
2015-05-14,1.94
2015-05-15,1.79
2015-05-16,1.85
2015-05-17,1.93
2015-05-18,2.06
2015-05-19,2.2
2015-05-20,2.16
2015-05-21,2.05
2015-05-22,2.07
2015-05-23,1.8
2015-05-24,1.97
2015-05-25,1.92
2015-05-26,1.82
2015-05-27,1.76
2015-05-28,1.81
2015-05-29,1.64
2015-05-30,1.45
2015-05-31,1.75
2015-06-01,1.89
2015-06-02,2.07
2015-06-03,2.14
2015-06-04,2.3
2015-06-05,2.27
2015-06-06,2.27
2015-06-07,2.35
2015-06-08,2.16
2015-06-09,2.08
2015-06-10,2.09
2015-06-11,2.07
2015-06-12,2.02
2015-06-13,1.9
2015-06-14,1.82
2015-06-15,2.0
2015-06-16,2.06
2015-06-17,2.34
2015-06-18,2.02
2015-06-19,2.17
2015-06-20,2.03
2015-06-21,2.53
2015-06-22,1.74
2015-06-23,1.67
2015-06-24,1.7
2015-06-25,1.7
2015-06-26,1.65
2015-06-27,1.6
2015-06-28,1.5
2015-06-29,1.57
2015-06-30,1.94
2015-07-01,1.98
2015-07-02,1.94
2015-07-03,1.94
2015-07-04,1.9
2015-07-05,1.95
2015-07-06,2.13
2015-07-07,1.85
2015-07-08,1.85
2015-07-09,1.66
2015-07-10,1.59
2015-07-11,1.57
2015-07-12,1.53
2015-07-13,1.87
2015-07-14,1.97
2015-07-15,2.11
2015-07-16,2.1
2015-07-17,2.12
2015-07-18,2.05
2015-07-19,2.25
2015-07-20,2.1
2015-07-21,2.15
2015-07-22,1.98
2015-07-23,1.9
2015-07-24,1.78
2015-07-25,1.87
2015-07-26,1.55
2015-07-27,1.42
2015-07-28,1.84
2015-07-29,2.05
2015-07-30,2.17
2015-07-31,2.14
2015-08-01,2.24
2015-08-02,2.18
2015-08-03,2.21
2015-08-04,1.81
2015-08-05,1.95
2015-08-06,1.88
2015-08-07,1.86
2015-08-08,1.55
2015-08-09,1.53
2015-08-10,1.6
2015-08-11,1.88
2015-08-12,1.84
2015-08-13,1.92
2015-08-14,2.22
2015-08-15,2.03
2015-08-16,2.04
2015-08-17,2.02
2015-08-18,1.88
2015-08-19,1.87
2015-08-20,1.75
2015-08-21,1.49
2015-08-22,1.5
2015-08-23,1.47
2015-08-24,1.36
2015-08-25,1.44
2015-08-26,1.72
2015-08-27,1.95
2015-08-28,2.09
2015-08-29,2.1
2015-08-30,2.14
2015-08-31,2.07
2015-09-01,2.04
2015-09-02,2.16
2015-09-03,2.06
2015-09-04,1.94
2015-09-05,1.85
2015-09-06,1.6
2015-09-07,1.48
2015-09-08,1.51
2015-09-09,1.7
2015-09-10,1.75
2015-09-11,1.89
2015-09-12,1.95
2015-09-13,1.83
2015-09-14,1.77
2015-09-15,1.42
2015-09-16,1.84
2015-09-17,2.23
2015-09-18,2.16
2015-09-19,1.8
2015-09-20,1.79
2015-09-21,1.64
2015-09-22,1.7
2015-09-23,2.83
2015-09-24,1.75
2015-09-25,1.96
2015-09-26,1.98
2015-09-27,2.09
2015-09-28,2.04
2015-09-29,2.06
2015-09-30,2.15
2015-10-01,2.05
2015-10-02,2.11
2015-10-03,1.99
2015-10-04,1.92
2015-10-05,1.86
2015-10-06,1.8
2015-10-07,1.84
2015-10-08,1.82
2015-10-09,1.82
2015-10-10,2.03
2015-10-11,1.82
2015-10-12,1.85
2015-10-13,1.85
2015-10-14,2.12
2015-10-15,2.18
2015-10-16,2.05
2015-10-17,2.26
2015-10-18,2.29
2015-10-19,2.01
2015-10-20,2.11
2015-10-21,1.87
2015-10-22,2.19
2015-10-23,2.03
2015-10-24,2.18
2015-10-25,2.09
2015-10-26,2.11
2015-10-27,2.17
2015-10-28,2.27
2015-10-29,2.46
2015-10-30,2.46
2015-10-31,2.52
2015-11-01,2.29
2015-11-02,2.27
2015-11-03,2.25
2015-11-04,1.99
2015-11-05,1.92
2015-11-06,1.83
2015-11-07,1.91
2015-11-08,1.86
2015-11-09,1.81
2015-11-10,1.81
2015-11-11,2.09
2015-11-12,2.13
2015-11-13,2.21
2015-11-14,2.24
2015-11-15,2.36
2015-11-16,3.73
2015-11-17,2.77
2015-11-18,2.09
2015-11-19,2.22
2015-11-20,2.07
2015-11-21,2.7
2015-11-22,1.93
2015-11-23,1.97
2015-11-24,1.85
2015-11-25,2.16
2015-11-26,2.23
2015-11-27,2.47
2015-11-28,2.48
2015-11-29,2.48
2015-11-30,2.42
2015-12-01,2.55
2015-12-02,2.31
2015-12-03,2.19
2015-12-04,2.17
2015-12-05,1.96
2015-12-06,1.66
2015-12-07,1.77
2015-12-08,1.7
2015-12-09,1.86
2015-12-10,1.98
2015-12-11,2.22
2015-12-12,3.59
2015-12-13,2.35
2015-12-14,2.33
2015-12-15,2.27
2015-12-16,2.27
2015-12-17,2.32
2015-12-18,2.46
2015-12-19,2.08
2015-12-20,1.93
2015-12-21,1.95
2015-12-22,1.83
2015-12-23,1.72
2015-12-24,2.79
2015-12-25,2.44
2015-12-26,2.36
2015-12-27,2.48
2015-12-28,2.46
2015-12-29,2.42
2015-12-30,2.25
2015-12-31,2.13
2016-01-01,2.27
2016-01-02,1.99
2016-01-03,1.7
2016-01-04,1.96
2016-01-05,1.7
2016-01-06,1.56
2016-01-07,1.84
2016-01-08,2.06
2016-01-09,2.27
2016-01-10,2.21
2016-01-11,2.18
2016-01-12,2.16
2016-01-13,2.34
2016-01-14,2.32
2016-01-15,2.35
2016-01-16,3.02
2016-01-17,2.21
2016-01-18,2.12
2016-01-19,2.06
2016-01-20,1.85
2016-01-21,2.57
2016-01-22,2.05
2016-01-23,2.22
2016-01-24,2.36
2016-01-25,1.34
2016-01-26,2.06
2016-01-27,2.06
2016-01-28,2.06
2016-01-29,2.06
2016-01-30,2.06
2016-01-31,2.06
2016-02-01,2.06
2016-02-02,2.06
2016-02-03,2.06
2016-02-04,2.06
2016-02-05,2.06
2016-02-06,2.06
2016-02-07,2.06
2016-02-08,2.06
2016-02-09,2.06
2016-02-10,2.18
2016-02-11,2.22
2016-02-12,1.35
2016-02-13,2.06
2016-02-14,2.06
2016-02-15,2.06
2016-02-16,2.06
2016-02-17,2.06
2016-02-18,2.06
2016-02-19,2.06
2016-02-20,2.06
2016-02-21,2.06
2016-02-22,2.06
2016-02-23,2.06
2016-02-24,2.06
2016-02-25,2.06
2016-02-26,2.06
2016-02-27,2.06
2016-02-28,2.06
2016-02-29,2.06
2016-03-01,2.06
2016-03-02,2.06
2016-03-03,2.06
2016-03-04,2.06
2016-03-05,2.06
2016-03-06,2.06
2016-03-07,2.06
2016-03-08,2.06
2016-03-09,2.06
2016-03-10,2.06
2016-03-11,2.06
2016-03-12,2.06
2016-03-13,2.06
2016-03-14,2.03
2016-03-15,2.07
2016-03-16,1.98
2016-03-17,1.74
2016-03-18,1.67
2016-03-19,1.99
2016-03-20,1.93
2016-03-21,1.97
2016-03-22,1.94
2016-03-23,1.94
2016-03-24,1.93
2016-03-25,2.07
2016-03-26,2.27
2016-03-27,2.14
2016-03-28,2.33
2016-03-29,2.14
2016-03-30,1.95
2016-03-31,1.79
2016-04-01,1.76
2016-04-02,1.81
2016-04-03,1.9
2016-04-04,1.89
2016-04-05,1.93
2016-04-06,1.99
2016-04-07,2.05
2016-04-08,2.05
2016-04-09,2.2
2016-04-10,2.17
2016-04-11,2.2
2016-04-12,2.11
2016-04-13,1.96
2016-04-14,1.9
2016-04-15,1.87
2016-04-16,1.83
2016-04-17,1.73
2016-04-18,1.91
2016-04-19,1.72
2016-04-20,2.04
2016-04-21,1.79
2016-04-22,2.01
2016-04-23,2.15
2016-04-24,2.25
2016-04-25,2.09
2016-04-26,2.16
2016-04-27,2.1
2016-04-28,2.03
2016-04-29,1.98
2016-04-30,1.86
2016-05-01,1.82
2016-05-02,1.94
2016-05-03,1.88
2016-05-04,1.91
2016-05-05,1.9
2016-05-06,2.01
2016-05-07,2.31
2016-05-08,2.29
2016-05-09,2.28
2016-05-10,2.29
2016-05-11,2.63
2016-05-12,2.22
2016-05-13,2.12
2016-05-14,2.06
2016-05-15,1.97
2016-05-16,1.88
2016-05-17,1.92
2016-05-18,1.87
2016-05-19,1.83
2016-05-20,1.97
2016-05-21,1.86
2016-05-22,1.92
2016-05-23,2.15
2016-05-24,2.05
2016-05-25,1.87
2016-05-26,2.16
2016-05-27,1.99
2016-05-28,1.91
2016-05-29,2.05
2016-05-30,2.02
2016-05-31,2.0
2016-06-01,1.85
2016-06-02,1.96
2016-06-03,1.79
2016-06-04,2.0
2016-06-05,2.16
2016-06-06,2.19
2016-06-07,2.36
2016-06-08,2.19
2016-06-09,2.02
2016-06-10,2.05
2016-06-11,1.96
2016-06-12,1.8
2016-06-13,1.75
2016-06-14,1.72
2016-06-15,1.59
2016-06-16,1.48
2016-06-17,1.7
2016-06-18,1.64
2016-06-19,1.84
2016-06-20,2.14
2016-06-21,1.98
2016-06-22,2.13
2016-06-23,2.17
2016-06-24,2.2
2016-06-25,2.19
2016-06-26,1.93
2016-06-27,1.87
2016-06-28,1.88
2016-06-29,1.85
2016-06-30,1.84
2016-07-01,1.65
2016-07-02,2.0
2016-07-03,2.04
2016-07-04,2.24
2016-07-05,2.2
2016-07-06,2.14
2016-07-07,2.11
2016-07-08,1.99
2016-07-09,2.01
2016-07-10,1.89
2016-07-11,1.98
2016-07-12,1.77
2016-07-13,1.67
2016-07-14,1.65
2016-07-15,1.58
2016-07-16,1.69
2016-07-17,1.72
2016-07-18,2.0
2016-07-19,2.15
2016-07-20,2.23
2016-07-21,2.11
2016-07-22,2.42
2016-07-23,2.19
2016-07-24,2.24
2016-07-25,2.2
2016-07-26,2.0
2016-07-27,1.95
2016-07-28,1.94
2016-07-29,1.77
2016-07-30,1.64
2016-07-31,1.8
2016-08-01,2.02
2016-08-02,1.92
2016-08-03,2.16
2016-08-04,2.05
2016-08-05,2.08
2016-08-06,2.21
2016-08-07,2.01
2016-08-08,1.96
2016-08-09,1.92
2016-08-10,1.68
2016-08-11,1.45
2016-08-12,1.35
2016-08-13,1.36
2016-08-14,1.42
2016-08-15,1.78
2016-08-16,2.06
2016-08-17,2.01
2016-08-18,1.98
2016-08-19,2.05
2016-08-20,2.16
2016-08-21,2.15
2016-08-22,1.96
2016-08-23,2.08
2016-08-24,2.11
2016-08-25,1.91
2016-08-26,1.86
2016-08-27,1.63
2016-08-28,1.72
2016-08-29,2.61
2016-08-30,2.26
2016-08-31,2.06
2016-09-01,2.05
2016-09-02,2.63
2016-09-03,1.96
2016-09-04,1.85
2016-09-05,1.87
2016-09-06,1.9
2016-09-07,1.64
2016-09-08,1.64
2016-09-09,1.59
2016-09-10,1.42
2016-09-11,1.32
2016-09-12,1.55
2016-09-13,1.71
2016-09-14,1.95
2016-09-15,1.91
2016-09-16,2.02
2016-09-17,1.98
2016-09-18,2.18
2016-09-19,2.04
2016-09-20,0.74
2016-09-21,1.61
2016-09-22,1.63
2016-09-23,1.7
2016-09-24,2.02
2016-09-25,1.85
2016-09-26,1.86
2016-09-27,1.93
2016-09-28,1.96
2016-09-29,2.0
2016-09-30,1.94
2016-10-01,1.9
2016-10-02,1.86
2016-10-03,1.96
2016-10-04,1.9
2016-10-05,2.06
2016-10-06,1.95
2016-10-07,1.79
2016-10-08,1.32
2016-10-09,1.59
2016-10-10,1.64
2016-10-11,1.74
2016-10-12,1.76
2016-10-13,1.98
2016-10-14,2.09
2016-10-15,2.08
2016-10-16,2.06
2016-10-17,2.16
2016-10-18,2.25
2016-10-19,3.12
2016-10-20,2.26
2016-10-21,2.38
2016-10-22,1.98
2016-10-23,1.71
2016-10-24,1.89
2016-10-25,1.82
2016-10-26,2.1
2016-10-27,2.02
2016-10-28,1.86
2016-10-29,1.98
2016-10-30,1.9
2016-10-31,2.09
2016-11-01,2.09
2016-11-02,2.15
2016-11-03,2.33
2016-11-04,2.14
2016-11-05,2.19
2016-11-06,2.11
2016-11-07,2.1
2016-11-08,2.04
2016-11-09,1.99
2016-11-10,2.08
2016-11-11,2.06
2016-11-12,1.98
2016-11-13,1.97
2016-11-14,2.14
2016-11-15,2.4
2016-11-16,2.47
2016-11-17,2.41
2016-11-18,2.35
2016-11-19,2.33
2016-11-20,2.27
2016-11-21,2.24
2016-11-22,2.01
2016-11-23,2.01
2016-11-24,1.92
2016-11-25,1.9
2016-11-26,1.89
2016-11-27,1.81
2016-11-28,2.79
2016-11-29,2.31
2016-11-30,2.24
2016-12-01,2.0
2016-12-02,2.35
2016-12-03,2.21
2016-12-04,2.44
2016-12-05,2.25
2016-12-06,2.25
2016-12-07,2.09
2016-12-08,0.64
2016-12-09,2.06
2016-12-10,2.06
2016-12-11,2.06
2016-12-12,2.06
2016-12-13,2.06
2016-12-14,2.06
2016-12-15,2.06
2016-12-16,2.06
2016-12-17,2.06
2016-12-18,2.06
2016-12-19,2.06
2016-12-20,2.06
2016-12-21,2.06
2016-12-22,2.06
2016-12-23,2.06
2016-12-24,2.06
2016-12-25,2.06
2016-12-26,1.63
2016-12-27,1.97
2016-12-28,2.22
2016-12-29,2.07
2016-12-30,2.02
2016-12-31,2.45
2017-01-01,2.2
2017-01-02,2.2
2017-01-03,2.31
2017-01-04,2.24
2017-01-05,2.12
2017-01-06,0.8
2017-01-07,2.06
2017-01-08,2.06
2017-01-09,2.06
2017-01-10,2.06
2017-01-11,2.06
2017-01-12,1.94
2017-01-13,1.82
2017-01-14,2.06
2017-01-15,2.06
2017-01-16,2.06
2017-01-17,2.06
2017-01-18,2.06
2017-01-19,2.06
2017-01-20,2.06
2017-01-21,2.06
2017-01-22,2.06
2017-01-23,2.06
2017-01-24,2.06
2017-01-25,2.06
2017-01-26,2.06
2017-01-27,2.06
2017-01-28,2.06
2017-01-29,2.06
2017-01-30,2.06
2017-01-31,2.06
2017-02-01,2.06
2017-02-02,2.06
2017-02-03,2.06
2017-02-04,2.06
2017-02-05,2.06
2017-02-06,2.06
2017-02-07,2.06
2017-02-08,2.06
2017-02-09,2.06
2017-02-10,2.06
2017-02-11,2.06
2017-02-12,2.06
2017-02-13,2.06
2017-02-14,1.81
2017-02-15,2.08
2017-02-16,2.09
2017-02-17,2.06
2017-02-18,2.0
2017-02-19,1.94
2017-02-20,1.7
2017-02-21,1.59
2017-02-22,1.53
2017-02-23,1.46
2017-02-24,2.0
2017-02-25,2.15
2017-02-26,2.26
2017-02-27,2.39
2017-02-28,2.23
2017-03-01,2.21
2017-03-02,2.2
2017-03-03,2.16
2017-03-04,2.08
2017-03-05,1.97
2017-03-06,1.88
2017-03-07,1.8
2017-03-08,1.94
2017-03-09,2.04
2017-03-10,2.09
2017-03-11,2.03
2017-03-12,2.06
2017-03-13,2.06
2017-03-14,2.06
2017-03-15,2.06
2017-03-16,2.06
2017-03-17,1.86
2017-03-18,1.87
2017-03-19,1.83
2017-03-20,1.74
2017-03-21,1.69
2017-03-22,1.58
2017-03-23,1.8
2017-03-24,1.78
2017-03-25,1.91
2017-03-26,2.01
2017-03-27,2.13
2017-03-28,2.08
2017-03-29,2.2
2017-03-30,2.17
2017-03-31,2.26
2017-04-01,2.01
2017-04-02,2.31
2017-04-03,1.98
2017-04-04,1.96
2017-04-05,1.98
2017-04-06,2.02
2017-04-07,2.05
2017-04-08,2.11
2017-04-09,2.09
2017-04-10,2.02
2017-04-11,2.04
2017-04-12,2.57
2017-04-13,2.06
2017-04-14,2.18
2017-04-15,2.25
2017-04-16,2.12
2017-04-17,2.03
2017-04-18,1.91
2017-04-19,1.82
2017-04-20,1.82
2017-04-21,1.8
2017-04-22,1.74
2017-04-23,1.78
2017-04-24,1.89
2017-04-25,1.9
2017-04-26,1.95
2017-04-27,2.19
2017-04-28,2.86
2017-04-29,2.43
2017-04-30,2.32
2017-05-01,2.27
2017-05-02,2.14
2017-05-03,2.08
2017-05-04,2.0
2017-05-05,1.99
2017-05-06,1.85
2017-05-07,1.84
2017-05-08,1.88
2017-05-09,1.92
2017-05-10,2.01
2017-05-11,2.03
2017-05-12,2.23
2017-05-13,2.22
2017-05-14,2.16
2017-05-15,2.22
2017-05-16,2.16
2017-05-17,2.04
2017-05-18,1.97
2017-05-19,1.97
2017-05-20,1.79
2017-05-21,1.9
2017-05-22,2.02
2017-05-23,1.75
2017-05-24,1.99
2017-05-25,2.08
2017-05-26,2.24
2017-05-27,2.3
2017-05-28,2.35
2017-05-29,2.37
2017-05-30,2.38
2017-05-31,2.35
2017-06-01,2.28
2017-06-02,2.06
2017-06-03,2.06
2017-06-04,2.06
2017-06-05,2.06
2017-06-06,2.06
2017-06-07,2.06
2017-06-08,2.06
2017-06-09,2.06
2017-06-10,2.06
2017-06-11,2.06
2017-06-12,2.06
2017-06-13,2.06
2017-06-14,2.06
2017-06-15,2.06
2017-06-16,2.06
2017-06-17,2.06
2017-06-18,2.06
2017-06-19,2.06
2017-06-20,1.48
2017-06-21,1.61
2017-06-22,1.9
2017-06-23,1.96
2017-06-24,2.89
2017-06-25,2.2
2017-06-26,1.48
2017-06-27,2.06
2017-06-28,2.06
2017-06-29,2.21
2017-06-30,2.06
2017-07-01,2.06
2017-07-02,2.06
2017-07-03,1.56
2017-07-04,1.57
2017-07-05,1.59
2017-07-06,1.95
2017-07-07,2.03
2017-07-08,1.98
2017-07-09,2.21
2017-07-10,2.1
2017-07-11,2.25
2017-07-12,2.21
2017-07-13,2.17
2017-07-14,1.97
2017-07-15,1.88
2017-07-16,2.01
2017-07-17,1.87
2017-07-18,1.98
2017-07-19,1.91
2017-07-20,1.68
2017-07-21,1.99
2017-07-22,2.38
2017-07-23,2.22
2017-07-24,2.33
2017-07-25,2.3
2017-07-26,2.3
2017-07-27,2.35
2017-07-28,2.76
2017-07-29,2.14
2017-07-30,2.07
2017-07-31,2.02
2017-08-01,1.72
2017-08-02,1.59
2017-08-03,1.64
2017-08-04,2.09
2017-08-05,2.13
2017-08-06,2.15
2017-08-07,2.23
2017-08-08,2.25
2017-08-09,2.21
2017-08-10,2.23
2017-08-11,2.2
2017-08-12,2.11
2017-08-13,2.16
2017-08-14,2.16
2017-08-15,1.92
2017-08-16,1.57
2017-08-17,1.62
2017-08-18,1.85
2017-08-19,2.07
2017-08-20,2.21
2017-08-21,2.31
2017-08-22,2.33
2017-08-23,2.14
2017-08-24,2.45
2017-08-25,2.36
2017-08-26,2.05
2017-08-27,2.13
2017-08-28,2.06
2017-08-29,1.8
2017-08-30,1.79
2017-08-31,1.68
2017-09-01,1.8
2017-09-02,1.78
2017-09-03,2.07
2017-09-04,2.1
2017-09-05,2.18
2017-09-06,2.35
2017-09-07,2.27
2017-09-08,2.48
2017-09-09,2.32
2017-09-10,2.22
2017-09-11,2.16
2017-09-12,1.94
2017-09-13,1.82
2017-09-14,1.55
2017-09-15,1.83
2017-09-16,2.04
2017-09-17,2.16
2017-09-18,2.07
2017-09-19,2.18
2017-09-20,2.21
2017-09-21,2.19
2017-09-22,2.13
2017-09-23,2.07
2017-09-24,1.93
2017-09-25,2.05
2017-09-26,2.07
2017-09-27,1.78
2017-09-28,1.64
2017-09-29,2.29
2017-09-30,1.74
2017-10-01,1.77
2017-10-02,1.89
2017-10-03,2.0
2017-10-04,2.38
2017-10-05,2.27
2017-10-06,2.59
2017-10-07,2.13
2017-10-08,2.2
2017-10-09,2.29
2017-10-10,2.37
2017-10-11,2.34
2017-10-12,2.13
2017-10-13,2.14
2017-10-14,1.82
2017-10-15,2.02
2017-10-16,1.98
2017-10-17,2.93
2017-10-18,2.2
2017-10-19,2.13
2017-10-20,1.97
2017-10-21,2.09
2017-10-22,3.09
2017-10-23,2.22
2017-10-24,2.97
2017-10-25,3.01
2017-10-26,2.52
2017-10-27,2.19
2017-10-28,2.11
2017-10-29,2.14
2017-10-30,2.22
2017-10-31,1.98
2017-11-01,2.71
2017-11-02,2.0
2017-11-03,2.1
2017-11-04,1.88
2017-11-05,2.01
2017-11-06,2.46
2017-11-07,2.34
2017-11-08,2.49
2017-11-09,2.06
2017-11-10,2.06
2017-11-11,2.06
2017-11-12,2.06
2017-11-13,2.06
2017-11-14,2.06
2017-11-15,2.06
2017-11-16,1.97
2017-11-17,2.06
2017-11-18,2.06
2017-11-19,2.06
2017-11-20,1.97
2017-11-21,2.06
2017-11-22,2.06
2017-11-23,2.06
2017-11-24,2.06
2017-11-25,2.06
2017-11-26,2.06
2017-11-27,2.06
2017-11-28,2.06
2017-11-29,2.06
2017-11-30,2.06
2017-12-01,2.06
2017-12-02,2.06
2017-12-03,2.06
2017-12-04,2.06
2017-12-05,2.06
2017-12-06,2.06
2017-12-07,2.06
2017-12-08,2.06
2017-12-09,2.06
2017-12-10,2.06
2017-12-11,2.06
2017-12-12,2.06
2017-12-13,2.06
2017-12-14,2.06
2017-12-15,2.02
2017-12-16,1.86
2017-12-17,2.3
2017-12-18,2.33
2017-12-19,1.93
2017-12-20,2.05
2017-12-21,2.03
2017-12-22,1.94
2017-12-23,2.1
2017-12-24,3.07
2017-12-25,2.07
2017-12-26,1.7
2017-12-27,1.89
2017-12-28,2.18
2017-12-29,1.82
2017-12-30,1.75
2017-12-31,1.96
2018-01-01,2.24
2018-01-02,2.31
2018-01-03,2.44
2018-01-04,2.37
2018-01-05,2.36
2018-01-06,2.38
2018-01-07,2.44
2018-01-08,2.24
2018-01-09,2.03
2018-01-10,2.61
2018-01-11,2.04
2018-01-12,1.72
2018-01-13,1.65
2018-01-14,1.84
2018-01-15,1.88
2018-01-16,2.09
2018-01-17,2.22
2018-01-18,2.27
2018-01-19,2.25
2018-01-20,2.16
2018-01-21,2.28
2018-01-22,2.08
2018-01-23,2.07
2018-01-24,2.13
2018-01-25,2.0
2018-01-26,1.96
2018-01-27,1.81
2018-01-28,1.75
2018-01-29,1.84
2018-01-30,2.3
2018-01-31,2.51
2018-02-01,2.77
2018-02-02,2.5
2018-02-03,2.45
2018-02-04,2.42
2018-02-05,2.39
2018-02-06,2.75
2018-02-07,2.19
2018-02-08,2.07
2018-02-09,2.05
2018-02-10,1.7
2018-02-11,1.61
2018-02-12,1.91
2018-02-13,2.19
2018-02-14,2.13
2018-02-15,2.01
2018-02-16,2.09
2018-02-17,2.09
2018-02-18,2.27
2018-02-19,2.15
2018-02-20,2.22
2018-02-21,2.11
2018-02-22,2.05
2018-02-23,2.11
2018-02-24,1.97
2018-02-25,1.69
2018-02-26,1.83
2018-02-27,2.19
2018-02-28,2.24
2018-03-01,2.21
2018-03-02,2.23
2018-03-03,2.25
2018-03-04,2.26
2018-03-05,2.13
2018-03-06,2.13
2018-03-07,2.04
2018-03-08,2.09
2018-03-09,1.76
2018-03-10,1.89
2018-03-11,1.91
2018-03-12,1.84
2018-03-13,1.91
2018-03-14,2.77
2018-03-15,2.01
2018-03-16,2.1
2018-03-17,2.02
2018-03-18,2.15
2018-03-19,2.49
2018-03-20,2.08
2018-03-21,1.98
2018-03-22,2.23
2018-03-23,2.8
2018-03-24,2.01
2018-03-25,1.94
2018-03-26,1.79
2018-03-27,2.02
2018-03-28,2.95
2018-03-29,2.23
2018-03-30,2.11
2018-03-31,2.21
2018-04-01,2.27
2018-04-02,2.11
2018-04-03,2.14
2018-04-04,2.22
2018-04-05,2.06
2018-04-06,2.02
2018-04-07,1.83
2018-04-08,1.8
2018-04-09,1.83
2018-04-10,1.83
2018-04-11,1.97
2018-04-12,2.56
2018-04-13,1.96
2018-04-14,1.95
2018-04-15,1.97
2018-04-16,1.99
2018-04-17,2.19
2018-04-18,2.21
2018-04-19,2.31
2018-04-20,2.27
2018-04-21,2.28
2018-04-22,2.06
2018-04-23,3.31
2018-04-24,2.09
2018-04-25,1.98
2018-04-26,2.03
2018-04-27,1.91
2018-04-28,2.07
2018-04-29,2.02
2018-04-30,2.09
2018-05-01,2.24
2018-05-02,2.08
2018-05-03,2.24
2018-05-04,2.21
2018-05-05,2.13
2018-05-06,2.0
2018-05-07,1.98
2018-05-08,1.98
2018-05-09,1.93
2018-05-10,1.92
2018-05-11,1.82
2018-05-12,1.77
2018-05-13,1.86
2018-05-14,1.82
2018-05-15,2.78
2018-05-16,2.24
2018-05-17,2.33
2018-05-18,2.35
2018-05-19,2.3
2018-05-20,2.25
2018-05-21,2.23
2018-05-22,2.16
2018-05-23,2.13
2018-05-24,2.1
2018-05-25,2.02
2018-05-26,1.9
2018-05-27,1.94
2018-05-28,2.0
2018-05-29,2.1
2018-05-30,2.24
2018-05-31,2.24
2018-06-01,2.07
2018-06-02,2.08
2018-06-03,2.28
2018-06-04,1.97
2018-06-05,1.98
2018-06-06,1.83
2018-06-07,1.74
2018-06-08,1.79
2018-06-09,1.61
2018-06-10,1.68
2018-06-11,1.87
2018-06-12,1.9
2018-06-13,2.23
2018-06-14,2.22
2018-06-15,2.26
2018-06-16,2.14
2018-06-17,2.03
2018-06-18,2.26
2018-06-19,2.11
2018-06-20,2.08
2018-06-21,1.98
2018-06-22,1.88
2018-06-23,1.89
2018-06-24,1.59
2018-06-25,1.59
2018-06-26,1.98
2018-06-27,2.12
2018-06-28,2.13
2018-06-29,2.16
2018-06-30,2.21
2018-07-01,2.16
2018-07-02,2.05
2018-07-03,2.04
2018-07-04,2.25
2018-07-05,1.86
2018-07-06,1.69
2018-07-07,1.52
2018-07-08,1.57
2018-07-09,1.56
2018-07-10,1.39
2018-07-11,1.57
2018-07-12,2.05
2018-07-13,2.25
2018-07-14,2.43
2018-07-15,2.27
2018-07-16,2.13
2018-07-17,2.13
2018-07-18,2.0
2018-07-19,2.17
2018-07-20,2.02
2018-07-21,1.87
2018-07-22,1.64
2018-07-23,1.62
2018-07-24,1.71
2018-07-25,1.85
2018-07-26,1.96
2018-07-27,2.16
2018-07-28,2.12
2018-07-29,2.11
2018-07-30,2.17
2018-07-31,1.9
2018-08-01,1.92
2018-08-02,1.75
2018-08-03,2.01
2018-08-04,1.88
2018-08-05,1.62
2018-08-06,1.74
2018-08-07,1.6
2018-08-08,1.51
2018-08-09,1.86
2018-08-10,2.27
2018-08-11,2.25
2018-08-12,2.29
2018-08-13,2.41
2018-08-14,2.23
2018-08-15,2.22
2018-08-16,1.83
2018-08-17,1.89
2018-08-18,1.85
2018-08-19,1.77
2018-08-20,1.55
2018-08-21,1.65
2018-08-22,1.9
2018-08-23,2.13
2018-08-24,2.17
2018-08-25,2.09
2018-08-26,2.01
2018-08-27,2.15
2018-08-28,2.08
2018-08-29,1.96
2018-08-30,1.98
2018-08-31,1.99
2018-09-01,1.8
2018-09-02,1.74
2018-09-03,1.85
2018-09-04,2.24
2018-09-05,1.51
2018-09-06,1.91
2018-09-07,1.94
2018-09-08,2.06
2018-09-09,2.3
2018-09-10,2.22
2018-09-11,2.06
2018-09-12,2.21
2018-09-13,2.07
2018-09-14,1.92
2018-09-15,1.95
2018-09-16,2.11
2018-09-17,1.47
2018-09-18,1.75
2018-09-19,1.66
2018-09-20,1.83
2018-09-21,2.05
2018-09-22,2.12
2018-09-23,2.14
2018-09-24,2.18
2018-09-25,2.15
2018-09-26,2.04
2018-09-27,2.08
2018-09-28,1.98
2018-09-29,2.6
2018-09-30,2.07
2018-10-01,2.07
2018-10-02,1.87
2018-10-03,1.93
2018-10-04,2.03
2018-10-05,2.22
2018-10-06,2.53
2018-10-07,2.32
2018-10-08,2.32
2018-10-09,2.32
2018-10-10,2.25
2018-10-11,2.27
2018-10-12,2.37
2018-10-13,2.17
2018-10-14,2.06
2018-10-15,2.16
2018-10-16,2.04
2018-10-17,1.9
2018-10-18,1.79
2018-10-19,2.4
2018-10-20,1.93
2018-10-21,2.21
2018-10-22,1.89
2018-10-23,2.27
2018-10-24,2.1
2018-10-25,1.95
2018-10-26,2.28
2018-10-27,2.33
2018-10-28,2.43
2018-10-29,2.28
2018-10-30,2.34
2018-10-31,2.3
2018-11-01,2.01
2018-11-02,2.15
2018-11-03,2.13
2018-11-04,2.0
2018-11-05,2.23
2018-11-06,2.57
2018-11-07,1.93
2018-11-08,2.19
2018-11-09,2.37
2018-11-10,2.41
2018-11-11,2.34
2018-11-12,2.54
2018-11-13,2.22
2018-11-14,2.2
2018-11-15,2.14
2018-11-16,2.3
2018-11-17,1.89
2018-11-18,1.93
2018-11-19,1.88
2018-11-20,1.86
2018-11-21,1.91
2018-11-22,2.02
2018-11-23,2.19
2018-11-24,2.22
2018-11-25,2.22
2018-11-26,2.26
2018-11-27,2.37
2018-11-28,2.34
2018-11-29,2.43
2018-11-30,2.31
2018-12-01,2.17
2018-12-02,2.13
2018-12-03,2.05
2018-12-04,1.96
2018-12-05,1.94
2018-12-06,2.13
2018-12-07,2.71
2018-12-08,3.08
2018-12-09,2.35
2018-12-10,2.23
2018-12-11,2.8
2018-12-12,2.39
2018-12-13,3.06
2018-12-14,2.06
2018-12-15,2.04
2018-12-16,1.96
2018-12-17,1.97
2018-12-18,1.86
2018-12-19,2.23
2018-12-20,1.63
2018-12-21,2.53
2018-12-22,2.13
2018-12-23,2.24
2018-12-24,3.12
2018-12-25,2.34
2018-12-26,2.26
2018-12-27,2.24
2018-12-28,2.35
2018-12-29,2.44
2018-12-30,2.13
2018-12-31,2.1
2019-01-01,1.78
2019-01-02,1.73
2019-01-03,1.52
2019-01-04,2.62
2019-01-05,2.61
2019-01-06,2.43
2019-01-07,2.47
2019-01-08,2.59
2019-01-09,2.21
2019-01-10,2.31
2019-01-11,2.33
2019-01-12,2.11
2019-01-13,2.93
2019-01-14,2.11
2019-01-15,2.04
2019-01-16,1.73
2019-01-17,2.54
2019-01-18,2.74
2019-01-19,2.34
2019-01-20,2.84
2019-01-21,2.41
2019-01-22,2.69
2019-01-23,2.42
2019-01-24,2.51
2019-01-25,2.28
2019-01-26,2.15
2019-01-27,2.87
2019-01-28,2.14
2019-01-29,2.06
2019-01-30,2.5
2019-01-31,2.5
2019-02-01,1.97
2019-02-02,2.95
2019-02-03,2.3
2019-02-04,2.19
2019-02-05,2.27
2019-02-06,2.22
2019-02-07,2.21
2019-02-08,2.13
2019-02-09,2.13
2019-02-10,2.13
2019-02-11,2.52
2019-02-12,2.83
2019-02-13,2.05
2019-02-14,1.95
2019-02-15,1.87
2019-02-16,1.91
2019-02-17,2.08
2019-02-18,2.96
2019-02-19,2.3
2019-02-20,2.31
2019-02-21,2.17
2019-02-22,2.29
2019-02-23,2.21
2019-02-24,2.19
2019-02-25,2.11
2019-02-26,2.15
2019-02-27,2.0
2019-02-28,2.32
2019-03-01,1.57
2019-03-02,2.04
2019-03-03,2.06
2019-03-04,2.08
2019-03-05,2.11
2019-03-06,2.03
2019-03-07,2.03
2019-03-08,2.03
2019-03-09,2.13
2019-03-10,2.0
2019-03-11,1.91
2019-03-12,1.97
2019-03-13,2.04
2019-03-14,1.97
2019-03-15,1.81
2019-03-16,1.85
2019-03-17,2.01
2019-03-18,2.16
2019-03-19,2.22
2019-03-20,2.36
2019-03-21,2.2
2019-03-22,2.18
2019-03-23,2.15
2019-03-24,2.76
2019-03-25,2.19
2019-03-26,2.08
2019-03-27,2.63
2019-03-28,1.91
2019-03-29,1.79
2019-03-30,1.8
2019-03-31,1.98
2019-04-01,2.38
2019-04-02,2.04
2019-04-03,2.14
2019-04-04,2.03
2019-04-05,2.03
2019-04-06,2.08
2019-04-07,2.16
2019-04-08,2.2
2019-04-09,2.27
2019-04-10,2.11
2019-04-11,2.14
2019-04-12,2.04
2019-04-13,2.03
2019-04-14,2.04
2019-04-15,2.0
2019-04-16,2.09
2019-04-17,2.09
2019-04-18,2.15
2019-04-19,2.48
2019-04-20,2.21
2019-04-21,2.86
2019-04-22,2.39
2019-04-23,2.24
2019-04-24,2.21
2019-04-25,2.65
2019-04-26,2.03
2019-04-27,2.0
2019-04-28,1.99
2019-04-29,1.81
2019-04-30,1.83
2019-05-01,1.71
2019-05-02,1.78
2019-05-03,1.92
2019-05-04,1.91
2019-05-05,1.99
2019-05-06,2.12
2019-05-07,2.2
2019-05-08,2.23
2019-05-09,1.98
2019-05-10,2.17
2019-05-11,2.04
2019-05-12,2.03
2019-05-13,2.07
2019-05-14,1.94
2019-05-15,2.11
2019-05-16,2.0
2019-05-17,1.84
2019-05-18,2.04
2019-05-19,2.15
2019-05-20,2.23
2019-05-21,2.24
2019-05-22,2.17
2019-05-23,2.04
2019-05-24,2.09
2019-05-25,2.06
2019-05-26,1.95
2019-05-27,1.79
2019-05-28,1.98
2019-05-29,1.96
2019-05-30,1.91
2019-05-31,1.79
2019-06-01,1.81
2019-06-02,1.98
2019-06-03,2.19
2019-06-04,2.22
2019-06-05,2.4
2019-06-06,2.37
2019-06-07,2.28
2019-06-08,2.25
2019-06-09,2.09
2019-06-10,1.91
2019-06-11,1.93
2019-06-12,1.92
2019-06-13,1.89
2019-06-14,1.77
2019-06-15,1.78
2019-06-16,3.06
2019-06-17,2.09
2019-06-18,2.12
2019-06-19,2.21
2019-06-20,2.3
2019-06-21,2.11
2019-06-22,2.15
2019-06-23,2.15
2019-06-24,2.6
2019-06-25,1.81
2019-06-26,1.8
2019-06-27,1.63
2019-06-28,1.58
2019-06-29,1.58
2019-06-30,1.63
2019-07-01,1.85
2019-07-02,2.03
2019-07-03,2.06
2019-07-04,2.82
2019-07-05,2.3
2019-07-06,2.26
2019-07-07,2.17
2019-07-08,2.1
2019-07-09,2.04
2019-07-10,1.9
2019-07-11,1.9
2019-07-12,1.89
2019-07-13,2.23
2019-07-14,1.83
2019-07-15,1.98
2019-07-16,2.19
2019-07-17,2.01
2019-07-18,2.28
2019-07-19,2.18
2019-07-20,2.24
2019-07-21,2.04
2019-07-22,2.01
2019-07-23,2.0
2019-07-24,1.93
2019-07-25,1.72
2019-07-26,1.66
2019-07-27,1.59
2019-07-28,1.56
2019-07-29,1.7
2019-07-30,1.86
2019-07-31,2.12
2019-08-01,1.96
2019-08-02,2.09
2019-08-03,1.95
2019-08-04,2.15
2019-08-05,2.04
2019-08-06,1.92
2019-08-07,1.81
2019-08-08,1.59
2019-08-09,1.54
2019-08-10,1.44
2019-08-11,1.9
2019-08-12,2.06
2019-08-13,1.96
2019-08-14,1.97
2019-08-15,2.02
2019-08-16,2.11
2019-08-17,2.0
2019-08-18,1.96
2019-08-19,2.86
2019-08-20,1.83
2019-08-21,1.86
2019-08-22,1.69
2019-08-23,1.74
2019-08-24,1.55
2019-08-25,2.69
2019-08-26,1.55
2019-08-27,1.94
2019-08-28,2.01
2019-08-29,2.02
2019-08-30,2.23
2019-08-31,2.18
2019-09-01,2.08
2019-09-02,1.86
2019-09-03,2.29
2019-09-04,1.88
2019-09-05,1.68
2019-09-06,1.72
2019-09-07,1.63
2019-09-08,1.57
2019-09-09,2.17
2019-09-10,2.17
2019-09-11,1.94
2019-09-12,1.97
2019-09-13,2.17
2019-09-14,2.29
2019-09-15,2.29
2019-09-16,2.37
2019-09-17,2.36
2019-09-18,2.24
2019-09-19,4.16
2019-09-20,3.61
2019-09-21,2.1
2019-09-22,2.01
2019-09-23,4.04
2019-09-24,2.34
2019-09-25,7.39
2019-09-26,2.5
2019-09-27,2.59
2019-09-28,2.69
2019-09-29,2.45
2019-09-30,2.75
2019-10-01,2.59
2019-10-02,2.44
2019-10-03,2.42
2019-10-04,2.28
2019-10-05,2.19
2019-10-06,2.18
2019-10-07,2.15
2019-10-08,2.19
2019-10-09,2.28
2019-10-10,2.26
2019-10-11,2.4
2019-10-12,2.38
2019-10-13,2.43
2019-10-14,2.4
2019-10-15,2.24
2019-10-16,2.38
2019-10-17,2.54
2019-10-18,2.45
2019-10-19,2.55
2019-10-20,2.64
2019-10-21,2.5
2019-10-22,2.4
2019-10-23,2.4
2019-10-24,2.4
2019-10-25,2.59
2019-10-26,2.51
2019-10-27,2.58
2019-10-28,2.42
2019-10-29,2.56
2019-10-30,2.64
2019-10-31,2.59
2019-11-01,2.46
2019-11-02,2.58
2019-11-03,2.46
2019-11-04,2.26
2019-11-05,2.32
2019-11-06,2.33
2019-11-07,2.21
2019-11-08,2.15
2019-11-09,2.33
2019-11-10,2.23
2019-11-11,2.01
2019-11-12,2.28
2019-11-13,2.56
2019-11-14,2.45
2019-11-15,2.86
2019-11-16,2.6
2019-11-17,2.6
2019-11-18,2.51
2019-11-19,2.6
2019-11-20,2.57
2019-11-21,2.42
2019-11-22,2.32
2019-11-23,2.32
2019-11-24,2.26
2019-11-25,2.29
2019-11-26,2.39
2019-11-27,2.55
2019-11-28,2.61
2019-11-29,2.71
2019-11-30,2.74
2019-12-01,2.63
2019-12-02,2.56
2019-12-03,2.59
2019-12-04,2.29
2019-12-05,2.12
2019-12-06,2.0
2019-12-07,2.27
2019-12-08,2.43
2019-12-09,2.04
2019-12-10,2.15
2019-12-11,2.33
2019-12-12,2.59
2019-12-13,2.67
2019-12-14,2.63
2019-12-15,2.6
2019-12-16,2.63
2019-12-17,2.55
2019-12-18,2.63
2019-12-19,2.41
2019-12-20,2.51
2019-12-21,2.41
2019-12-22,2.05
2019-12-23,2.09
2019-12-24,2.24
2019-12-25,2.53
2019-12-26,2.53
2019-12-27,2.54
2019-12-28,2.82
2019-12-29,2.62
2019-12-30,2.54
2019-12-31,2.48
2020-01-01,2.62
2020-01-02,2.37
2020-01-03,2.25
2020-01-04,2.19
2020-01-05,2.2
2020-01-06,2.07
2020-01-07,2.04
2020-01-08,2.09
2020-01-09,2.38
2020-01-10,2.5
2020-01-11,2.62
2020-01-12,2.51
2020-01-13,2.74
2020-01-14,2.75
2020-01-15,2.59
2020-01-16,2.49
2020-01-17,2.37
2020-01-18,2.57
2020-01-19,2.49
2020-01-20,2.21
2020-01-21,2.15
2020-01-22,2.38
2020-01-23,2.51
2020-01-24,2.54
2020-01-25,2.58
2020-01-26,2.56
2020-01-27,2.43
2020-01-28,2.53
2020-01-29,2.41
2020-01-30,2.43
2020-01-31,2.61
2020-02-01,2.57
2020-02-02,2.36
2020-02-03,2.15
2020-02-04,2.11
2020-02-05,2.13
2020-02-06,2.37
2020-02-07,2.49
2020-02-08,2.54
2020-02-09,2.67
2020-02-10,2.82
2020-02-11,2.66
2020-02-12,2.69
2020-02-13,2.6
2020-02-14,2.58
2020-02-15,2.47
2020-02-16,2.33
2020-02-17,2.19
2020-02-18,2.28
2020-02-19,2.5
2020-02-20,2.34
2020-02-21,2.52
2020-02-22,2.58
2020-02-23,2.55
2020-02-24,2.51
2020-02-25,2.62
2020-02-26,2.34
2020-02-27,2.56
2020-02-28,2.58
2020-02-29,2.34
2020-03-01,2.21
2020-03-02,2.23
2020-03-03,2.25
2020-03-04,2.1
2020-03-05,1.99
2020-03-06,2.34
2020-03-07,2.29
2020-03-08,2.55
2020-03-09,2.47
2020-03-10,2.54
2020-03-11,2.53
2020-03-12,2.52
2020-03-13,2.55
2020-03-14,2.32
2020-03-15,2.38
2020-03-16,2.37
2020-03-17,2.24
2020-03-18,2.05
2020-03-19,2.28
2020-03-20,2.25
2020-03-21,2.41
2020-03-22,2.4
2020-03-23,2.37
2020-03-24,2.31
2020-03-25,2.37
2020-03-26,2.4
2020-03-27,2.3
2020-03-28,2.36
2020-03-29,2.28
2020-03-30,2.3
2020-03-31,2.09
2020-04-01,2.2
2020-04-02,2.2
2020-04-03,2.18
2020-04-04,2.36
2020-04-05,2.39
2020-04-06,2.58
2020-04-07,2.36
2020-04-08,2.47
2020-04-09,2.43
2020-04-10,2.71
2020-04-11,2.55
2020-04-12,2.5
2020-04-13,2.51
2020-04-14,2.42
2020-04-15,2.4
2020-04-16,2.47
2020-04-17,2.37
2020-04-18,2.23
2020-04-19,2.34
2020-04-20,2.27
2020-04-21,2.24
2020-04-22,2.32
2020-04-23,2.3
2020-04-24,2.39
2020-04-25,2.54
2020-04-26,2.58
2020-04-27,2.6
2020-04-28,2.63
2020-04-29,2.57
2020-04-30,2.47
2020-05-01,2.42
2020-05-02,2.33
2020-05-03,2.31
2020-05-04,2.38
2020-05-05,2.33
2020-05-06,2.31
2020-05-07,2.4
2020-05-08,2.54
2020-05-09,2.52
2020-05-10,2.65
2020-05-11,2.57
2020-05-12,2.48
2020-05-13,2.5
2020-05-14,2.48
2020-05-15,2.39
2020-05-16,2.27
2020-05-17,2.21
2020-05-18,2.13
2020-05-19,2.09
2020-05-20,2.02
2020-05-21,2.01
2020-05-22,2.3
2020-05-23,2.47
2020-05-24,2.47
2020-05-25,2.5
2020-05-26,2.44
2020-05-27,2.47
2020-05-28,2.47
2020-05-29,2.56
2020-05-30,2.38
2020-05-31,2.39
2020-06-01,2.32
2020-06-02,2.33
2020-06-03,2.06
2020-06-04,2.24
2020-06-05,2.41
2020-06-06,2.55
2020-06-07,2.73
2020-06-08,2.76
2020-06-09,2.62
2020-06-10,2.43
2020-06-11,2.33
2020-06-12,2.29
2020-06-13,2.27
2020-06-14,2.3
2020-06-15,2.26
2020-06-16,2.09
2020-06-17,1.98
2020-06-18,1.88
2020-06-19,2.19
2020-06-20,2.35
2020-06-21,2.39
2020-06-22,2.65
2020-06-23,2.54
2020-06-24,2.64
2020-06-25,2.54
2020-06-26,2.48
2020-06-27,2.34
2020-06-28,2.52
2020-06-29,2.43
2020-06-30,2.16
2020-07-01,2.07
2020-07-02,2.0
2020-07-03,2.62
2020-07-04,2.38
2020-07-05,2.54
2020-07-06,2.67
2020-07-07,2.65
2020-07-08,2.51
2020-07-09,2.55
2020-07-10,2.32
2020-07-11,2.42
2020-07-12,2.33
2020-07-13,2.19
2020-07-14,2.08
2020-07-15,2.04
2020-07-16,1.92
2020-07-17,2.07
2020-07-18,2.22
2020-07-19,2.45
2020-07-20,2.54
2020-07-21,2.65
2020-07-22,2.64
2020-07-23,2.61
2020-07-24,2.58
2020-07-25,2.64
2020-07-26,2.54
2020-07-27,2.49
2020-07-28,2.41
2020-07-29,2.15
2020-07-30,1.85
2020-07-31,2.0
2020-08-01,2.13
2020-08-02,2.2
2020-08-03,2.66
2020-08-04,2.66
2020-08-05,2.48
2020-08-06,2.31
2020-08-07,2.51
2020-08-08,2.28
2020-08-09,2.43
2020-08-10,2.12
2020-08-11,2.08
2020-08-12,2.09
2020-08-13,1.92
2020-08-14,1.92
2020-08-15,2.17
2020-08-16,2.24
2020-08-17,2.37
2020-08-18,2.49
2020-08-19,2.47
2020-08-20,2.53
2020-08-21,2.54
2020-08-22,2.58
2020-08-23,2.49
2020-08-24,2.46
2020-08-25,2.44
2020-08-26,2.2
2020-08-27,1.88
2020-08-28,2.0
2020-08-29,2.22
2020-08-30,2.47
2020-08-31,2.51
2020-09-01,2.46
2020-09-02,2.49
2020-09-03,2.42
2020-09-04,2.49
2020-09-05,2.39
2020-09-06,2.38
2020-09-07,2.25
2020-09-08,2.26
2020-09-09,1.99
2020-09-10,2.12
2020-09-11,2.06
2020-09-12,2.0
2020-09-13,2.15
2020-09-14,2.19
2020-09-15,2.6
2020-09-16,4.21
2020-09-17,2.26
2020-09-18,2.3
2020-09-19,2.65
2020-09-20,2.53
2020-09-21,2.4
2020-09-22,2.37
2020-09-23,2.21
2020-09-24,2.26
2020-09-25,2.0
2020-09-26,2.17
2020-09-27,2.19
2020-09-28,2.28
2020-09-29,2.52
2020-09-30,2.33
2020-10-01,2.43
2020-10-02,2.42
2020-10-03,2.34
2020-10-04,2.26
2020-10-05,2.24
2020-10-06,2.4
2020-10-07,2.31
2020-10-08,1.93
2020-10-09,2.25
2020-10-10,2.12
2020-10-11,2.17
2020-10-12,2.08
2020-10-13,2.08
2020-10-14,2.32
2020-10-15,2.58
2020-10-16,2.38
2020-10-17,2.36
2020-10-18,2.61
2020-10-19,2.66
2020-10-20,2.77
2020-10-21,2.65
2020-10-22,2.43
2020-10-23,2.64
2020-10-24,2.61
2020-10-25,2.47
2020-10-26,2.38
2020-10-27,2.4
2020-10-28,2.36
2020-10-29,2.14
2020-10-30,2.41
2020-10-31,2.49
2020-11-01,2.35
2020-11-02,2.53
2020-11-03,2.8
2020-11-04,2.52
2020-11-05,2.54
2020-11-06,2.51
2020-11-07,2.44
2020-11-08,2.43
2020-11-09,2.58
2020-11-10,2.29
2020-11-11,2.07
2020-11-12,2.63
2020-11-13,2.59
2020-11-14,2.34
2020-11-15,2.48
2020-11-16,2.74
2020-11-17,2.9
2020-11-18,2.99
2020-11-19,2.72
2020-11-20,2.75
2020-11-21,2.57
2020-11-22,2.5
2020-11-23,2.34
2020-11-24,2.9
2020-11-25,2.22
2020-11-26,2.16
2020-11-27,2.28
2020-11-28,2.13
2020-11-29,2.11
2020-11-30,2.3
2020-12-01,2.48
2020-12-02,2.43
2020-12-03,2.81
2020-12-04,2.67
2020-12-05,2.56
2020-12-06,2.49
2020-12-07,2.49
2020-12-08,2.42
2020-12-09,2.38
2020-12-10,2.36
2020-12-11,2.23
2020-12-12,2.27
2020-12-13,2.35
2020-12-14,2.42
2020-12-15,2.72
2020-12-16,2.81
2020-12-17,2.77
2020-12-18,2.74
2020-12-19,2.59
2020-12-20,2.53
2020-12-21,2.34
2020-12-22,2.29
2020-12-23,2.24
2020-12-24,2.2
2020-12-25,2.18
2020-12-26,2.2
2020-12-27,2.19
2020-12-28,2.34
2020-12-29,2.51
2020-12-30,2.49
2020-12-31,2.56
2021-01-01,2.76
2021-01-02,2.45
2021-01-03,2.53
2021-01-04,2.66
2021-01-05,2.5
2021-01-06,2.5
2021-01-07,2.49
2021-01-08,2.37
2021-01-09,2.34
2021-01-10,2.26
2021-01-11,2.42
2021-01-12,2.41
2021-01-13,2.85
2021-01-14,2.6
2021-01-15,2.73
2021-01-16,2.68
2021-01-17,3.2
2021-01-18,2.6
2021-01-19,2.32
2021-01-20,2.3
2021-01-21,2.28
2021-01-22,2.22
2021-01-23,2.14
2021-01-24,2.14
2021-01-25,2.17
2021-01-26,2.29
2021-01-27,2.53
2021-01-28,2.63
2021-01-29,2.62
2021-01-30,2.68
2021-01-31,2.5
2021-02-01,2.56
2021-02-02,2.54
2021-02-03,2.49
2021-02-04,2.64
2021-02-05,2.36
2021-02-06,2.37
2021-02-07,2.3
2021-02-08,2.22
2021-02-09,2.64
2021-02-10,2.55
2021-02-11,2.43
2021-02-12,2.65
2021-02-13,2.6
2021-02-14,2.57
2021-02-15,2.48
2021-02-16,2.51
2021-02-17,2.35
2021-02-18,2.41
2021-02-19,2.27
2021-02-20,2.17
2021-02-21,2.19
2021-02-22,2.14
2021-02-23,2.17
2021-02-24,2.36
2021-02-25,2.4
2021-02-26,2.4
2021-02-27,2.44
2021-02-28,2.49
2021-03-01,2.52
2021-03-02,2.44
2021-03-03,2.49
2021-03-04,2.48
2021-03-05,2.4
2021-03-06,2.28
2021-03-07,2.16
2021-03-08,2.19
2021-03-09,2.36
2021-03-10,2.53
2021-03-11,2.45
2021-03-12,2.55
2021-03-13,2.57
2021-03-14,2.45
2021-03-15,2.51
2021-03-16,2.41
2021-03-17,2.35
2021-03-18,2.24
2021-03-19,2.24
2021-03-20,2.08
2021-03-21,2.07
2021-03-22,2.02
2021-03-23,2.16
2021-03-24,2.35
2021-03-25,2.42
2021-03-26,2.56
2021-03-27,2.63
2021-03-28,2.51
2021-03-29,2.43
2021-03-30,2.45
2021-03-31,2.45
2021-04-01,2.47
2021-04-02,2.28
2021-04-03,2.35
2021-04-04,2.29
2021-04-05,2.18
2021-04-06,2.4
2021-04-07,2.41
2021-04-08,2.3
2021-04-09,2.38
2021-04-10,2.38
2021-04-11,2.47
2021-04-12,2.45
2021-04-13,2.29
2021-04-14,2.36
2021-04-15,2.42
2021-04-16,2.48
2021-04-17,2.28
2021-04-18,2.31
2021-04-19,2.24
2021-04-20,2.21
2021-04-21,2.18
2021-04-22,2.23
2021-04-23,2.29
2021-04-24,2.16
2021-04-25,2.38
2021-04-26,2.25
2021-04-27,2.38
2021-04-28,2.49
2021-04-29,2.68
2021-04-30,2.67
2021-05-01,2.54
2021-05-02,2.54
2021-05-03,2.51
2021-05-04,2.47
2021-05-05,2.39
2021-05-06,2.79
2021-05-07,2.52
2021-05-08,2.29
2021-05-09,2.19
2021-05-10,2.17
2021-05-11,2.37
2021-05-12,2.41
2021-05-13,2.42
2021-05-14,2.5
2021-05-15,2.51
2021-05-16,2.47
2021-05-17,2.41
2021-05-18,2.36
2021-05-19,2.33
2021-05-20,2.08
2021-05-21,2.1
2021-05-22,2.03
2021-05-23,1.93
2021-05-24,1.83
2021-05-25,2.25
2021-05-26,2.32
2021-05-27,2.72
2021-05-28,2.7
2021-05-29,2.73
2021-05-30,2.61
2021-05-31,2.53
2021-06-01,2.47
2021-06-02,2.45
2021-06-03,2.4
2021-06-04,2.26
2021-06-05,2.15
2021-06-06,1.91
2021-06-07,1.84
2021-06-08,2.19
2021-06-09,2.32
2021-06-10,2.15
2021-06-11,2.34
2021-06-12,2.24
2021-06-13,2.44
2021-06-14,2.35
2021-06-15,2.4
2021-06-16,2.39
2021-06-17,2.36
2021-06-18,2.32
2021-06-19,2.2
2021-06-20,2.24
2021-06-21,1.99
2021-06-22,1.98
2021-06-23,2.24
2021-06-24,2.38
2021-06-25,2.72
2021-06-26,2.77
2021-06-27,2.73
2021-06-28,2.53
2021-06-29,2.48
2021-06-30,2.41
2021-07-01,2.36
2021-07-02,2.17
2021-07-03,2.12
2021-07-04,2.03
2021-07-05,2.01
2021-07-06,2.02
2021-07-07,2.02
2021-07-08,2.46
2021-07-09,2.38
2021-07-10,2.61
2021-07-11,2.56
2021-07-12,2.47
2021-07-13,2.51
2021-07-14,2.35
2021-07-15,2.39
2021-07-16,2.39
2021-07-17,2.18
2021-07-18,2.15
2021-07-19,2.09
2021-07-20,1.99
2021-07-21,2.21
2021-07-22,2.44
2021-07-23,2.51
2021-07-24,2.57
2021-07-25,2.39
2021-07-26,2.48
2021-07-27,2.39
2021-07-28,2.31
2021-07-29,2.31
2021-07-30,2.06
2021-07-31,2.05
2021-08-01,1.91
2021-08-02,1.71
2021-08-03,1.76
2021-08-04,1.96
2021-08-05,2.04
2021-08-06,2.34
2021-08-07,2.33
2021-08-08,2.33
2021-08-09,2.46
2021-08-10,2.53
2021-08-11,2.46
2021-08-12,2.42
2021-08-13,2.41
2021-08-14,2.48
2021-08-15,2.44
2021-08-16,2.13
2021-08-17,2.03
2021-08-18,2.06
2021-08-19,2.34
2021-08-20,2.57
2021-08-21,2.59
2021-08-22,2.69
2021-08-23,2.42
2021-08-24,2.57
2021-08-25,2.39
2021-08-26,2.48
2021-08-27,2.46
2021-08-28,2.29
2021-08-29,2.2
2021-08-30,2.17
2021-08-31,1.95
2021-09-01,1.92
2021-09-02,2.24
2021-09-03,1.91
2021-09-04,2.61
2021-09-05,2.36
2021-09-06,2.44
2021-09-07,2.41
2021-09-08,2.34
2021-09-09,2.48
2021-09-10,2.3
2021-09-11,2.23
2021-09-12,2.25
2021-09-13,2.02
2021-09-14,2.02
2021-09-15,2.15
2021-09-16,2.42
2021-09-17,2.49
2021-09-18,2.55
2021-09-19,2.45
2021-09-20,2.45
2021-09-21,2.66
2021-09-22,2.63
2021-09-23,2.46
2021-09-24,2.42
2021-09-25,2.31
2021-09-26,2.32
2021-09-27,2.32
2021-09-28,2.26
2021-09-29,2.17
2021-09-30,2.21
2021-10-01,1.09
2021-10-02,1.46
2021-10-03,1.33
2021-10-04,1.46
2021-10-05,1.33
2021-10-06,1.25
2021-10-07,1.34
2021-10-08,1.26
2021-10-09,1.52
2021-10-10,1.65
2021-10-11,1.67
2021-10-12,1.45
2021-10-13,1.07
2021-10-14,1.46
2021-10-15,1.61
2021-10-16,1.48
2021-10-17,1.35
2021-10-18,1.53
2021-10-19,1.46
2021-10-20,1.33
2021-10-21,1.49
2021-10-22,1.4
2021-10-23,1.61
2021-10-24,1.57
2021-10-25,1.51
2021-10-26,1.52
2021-10-27,1.48
2021-10-28,1.34
2021-10-29,1.47
2021-10-30,1.37
2021-10-31,1.46
2021-11-01,1.4
2021-11-02,1.5
2021-11-03,1.47
2021-11-04,1.35
2021-11-05,1.57
2021-11-06,1.82
2021-11-07,1.73
2021-11-08,2.0
2021-11-09,1.85
2021-11-10,1.76
2021-11-11,1.66
2021-11-12,1.47
2021-11-13,1.6
2021-11-14,1.4
2021-11-15,1.33
2021-11-16,1.38
2021-11-17,1.27
2021-11-18,1.35
2021-11-19,1.48
2021-11-20,1.68
2021-11-21,1.65
2021-11-22,1.62
2021-11-23,1.7
2021-11-24,1.78
2021-11-25,1.57
2021-11-26,1.48
2021-11-27,1.32
2021-11-28,1.18
2021-11-29,1.0
2021-11-30,1.14
2021-12-01,1.2
2021-12-02,1.4
2021-12-03,1.32
2021-12-04,1.32
2021-12-05,1.65
2021-12-06,1.68
2021-12-07,1.89
2021-12-08,1.85
2021-12-09,1.5
2021-12-10,1.7
2021-12-11,2.55
2021-12-12,1.26
2021-12-13,1.27
2021-12-14,1.22
2021-12-15,1.09
2021-12-16,0.88
2021-12-17,1.27
2021-12-18,1.51
2021-12-19,1.59
2021-12-20,1.33
2021-12-21,1.6
2021-12-22,1.64
2021-12-23,1.75
2021-12-24,1.66
2021-12-25,1.67
2021-12-26,1.63
2021-12-27,1.25
2021-12-28,1.15
2021-12-29,1.24
2021-12-30,1.35
2021-12-31,1.25
2022-01-01,1.53
2022-01-02,1.7
2022-01-03,1.74
2022-01-04,1.83
2022-01-05,1.68
2022-01-06,1.56
2022-01-07,1.65
2022-01-08,1.58
2022-01-09,1.43
2022-01-10,1.37
2022-01-11,1.3
2022-01-12,1.37
2022-01-13,1.07
2022-01-14,1.04
2022-01-15,1.32
2022-01-16,1.43
2022-01-17,1.54
2022-01-18,1.55
2022-01-19,1.67
2022-01-20,1.62
2022-01-21,1.62
2022-01-22,1.65
2022-01-23,1.49
2022-01-24,1.41
2022-01-25,1.44
2022-01-26,1.44
2022-01-27,1.33
2022-01-28,1.13
2022-01-29,1.21
2022-01-30,1.52
2022-01-31,1.7
2022-02-01,1.89
2022-02-02,1.72
2022-02-03,1.76
2022-02-04,1.73
2022-02-05,1.78
2022-02-06,1.58
2022-02-07,1.34
2022-02-08,1.29
2022-02-09,1.43
2022-02-10,1.31
2022-02-11,1.2
2022-02-12,1.22
2022-02-13,1.32
2022-02-14,1.58
2022-02-15,1.66
2022-02-16,1.7
2022-02-17,1.63
2022-02-18,1.59
2022-02-19,1.69
2022-02-20,1.44
2022-02-21,1.58
2022-02-22,1.52
2022-02-23,1.43
2022-02-24,1.33
2022-02-25,1.49
2022-02-26,1.58
2022-02-27,1.62
2022-02-28,1.78
2022-03-01,1.79
2022-03-02,1.66
2022-03-03,1.61
2022-03-04,1.56
2022-03-05,1.39
2022-03-06,1.42
2022-03-07,1.39
2022-03-08,1.34
2022-03-09,1.36
2022-03-10,1.21
2022-03-11,1.05
2022-03-12,1.08
2022-03-13,1.29
2022-03-14,1.38
2022-03-15,1.37
2022-03-16,1.48
2022-03-17,1.39
2022-03-18,1.42
2022-03-19,1.31
2022-03-20,1.34
2022-03-21,1.52
2022-03-22,1.29
2022-03-23,1.33
2022-03-24,1.18
2022-03-25,1.19
2022-03-26,1.21
2022-03-27,1.19
2022-03-28,1.4
2022-03-29,1.48
2022-03-30,1.59
2022-03-31,1.34
2022-04-01,3.25
2022-04-02,1.29
2022-04-03,1.23
2022-04-04,1.46
2022-04-05,1.32
2022-04-06,1.41
2022-04-07,1.36
2022-04-08,1.2
2022-04-09,1.11
2022-04-10,1.2
2022-04-11,1.14
2022-04-12,1.26
2022-04-13,1.28
2022-04-14,1.27
2022-04-15,1.23
2022-04-16,1.26
2022-04-17,1.35
2022-04-18,1.59
2022-04-19,1.53
2022-04-20,1.63
2022-04-21,1.62
2022-04-22,1.5
2022-04-23,1.48
2022-04-24,1.47
2022-04-25,1.43
2022-04-26,1.35
2022-04-27,1.24
2022-04-28,1.2
2022-04-29,1.15
2022-04-30,1.14
2022-05-01,1.37
2022-05-02,1.25
2022-05-03,1.32
2022-05-04,1.47
2022-05-05,1.55
2022-05-06,1.47
2022-05-07,1.51
2022-05-08,1.51
2022-05-09,1.36
2022-05-10,1.18
2022-05-11,1.21
2022-05-12,1.09
2022-05-13,0.99
2022-05-14,1.05
2022-05-15,1.17
2022-05-16,1.35
2022-05-17,1.5
2022-05-18,1.74
2022-05-19,1.73
2022-05-20,1.63
2022-05-21,1.48
2022-05-22,1.45
2022-05-23,1.34
2022-05-24,1.25
2022-05-25,1.27
2022-05-26,0.94
2022-05-27,1.0
2022-05-28,1.18
2022-05-29,1.01
2022-05-30,1.29
2022-05-31,1.41
2022-06-01,1.51
2022-06-02,1.53
2022-06-03,1.47
2022-06-04,1.37
2022-06-05,1.33
2022-06-06,1.23
2022-06-07,1.07
2022-06-08,1.07
2022-06-09,1.09
2022-06-10,1.1
2022-06-11,0.86
2022-06-12,1.08
2022-06-13,1.34
2022-06-14,1.74
2022-06-15,1.68
2022-06-16,1.66
2022-06-17,1.82
2022-06-18,1.67
2022-06-19,1.47
2022-06-20,1.43
2022-06-21,1.4
2022-06-22,1.32
2022-06-23,1.17
2022-06-24,1.15
2022-06-25,0.97
2022-06-26,1.36
2022-06-27,1.22
2022-06-28,1.5
2022-06-29,1.36
2022-06-30,1.31
2022-07-01,1.49
2022-07-02,1.56
2022-07-03,1.3
2022-07-04,1.53
2022-07-05,1.27
2022-07-06,1.3
2022-07-07,1.16
2022-07-08,1.03
2022-07-09,0.89
2022-07-10,0.65
2022-07-11,0.91
2022-07-12,1.05
2022-07-13,1.3
2022-07-14,1.93
2022-07-15,1.7
2022-07-16,1.74
2022-07-17,1.68
2022-07-18,1.57
2022-07-19,1.41
2022-07-20,1.52
2022-07-21,1.33
2022-07-22,1.33
2022-07-23,1.1
2022-07-24,1.0
2022-07-25,1.4
2022-07-26,1.32
2022-07-27,1.53
2022-07-28,1.61
2022-07-29,1.54
2022-07-30,1.53
2022-07-31,1.3
2022-08-01,1.65
2022-08-02,1.67
2022-08-03,1.32
2022-08-04,1.28
2022-08-05,1.21
2022-08-06,1.21
2022-08-07,0.87
2022-08-08,1.1
2022-08-09,1.31
2022-08-10,1.69
2022-08-11,1.72
2022-08-12,1.8
2022-08-13,1.67
2022-08-14,1.61
2022-08-15,1.57
2022-08-16,1.51
2022-08-17,1.5
2022-08-18,1.39
2022-08-19,1.19
2022-08-20,1.08
2022-08-21,1.09
2022-08-22,1.21
2022-08-23,1.32
2022-08-24,1.48
2022-08-25,1.45
2022-08-26,1.7
2022-08-27,1.53
2022-08-28,1.55
2022-08-29,1.64
2022-08-30,1.45
2022-08-31,1.43
2022-09-01,1.58
2022-09-02,1.36
2022-09-03,1.23
2022-09-04,1.02
2022-09-05,1.04
2022-09-06,1.44
2022-09-07,1.57
2022-09-08,1.57
2022-09-09,1.74
2022-09-10,1.62
2022-09-11,1.53
2022-09-12,1.66
2022-09-13,1.62
2022-09-14,1.43
2022-09-15,1.12
2022-09-16,1.39
2022-09-17,1.09
2022-09-18,1.05
2022-09-19,0.86
2022-09-20,1.15
2022-09-21,1.23
2022-09-22,1.42
2022-09-23,1.32
2022-09-24,1.51
2022-09-25,1.58
2022-09-26,1.44
2022-09-27,1.37
2022-09-28,1.1
2022-09-29,1.35
2022-09-30,1.68
2022-10-01,1.61
2022-10-02,1.29
2022-10-03,1.5
2022-10-04,1.44
2022-10-05,1.64
2022-10-06,1.64
2022-10-07,1.58
2022-10-08,1.54
2022-10-09,1.78
2022-10-10,1.66
2022-10-11,1.56
2022-10-12,1.43
2022-10-13,1.81
2022-10-14,1.59
2022-10-15,1.38
2022-10-16,1.47
2022-10-17,1.22
2022-10-18,1.36
2022-10-19,1.49
2022-10-20,1.4
2022-10-21,1.44
2022-10-22,1.7
2022-10-23,1.28
2022-10-24,1.48
2022-10-25,1.43
2022-10-26,1.47
2022-10-27,1.59
2022-10-28,1.72
2022-10-29,1.93
2022-10-30,1.58
2022-10-31,1.64
2022-11-01,1.48
2022-11-02,1.54
2022-11-03,1.75
2022-11-04,1.57
2022-11-05,1.63
2022-11-06,1.5
2022-11-07,1.37
2022-11-08,1.32
2022-11-09,1.56
2022-11-10,1.57
2022-11-11,1.67
2022-11-12,1.64
2022-11-13,1.58
2022-11-14,1.62
2022-11-15,1.44
2022-11-16,1.37
2022-11-17,1.41
2022-11-18,1.29
2022-11-19,1.27
2022-11-20,1.13
2022-11-21,1.1
2022-11-22,1.16
2022-11-23,1.17
2022-11-24,1.56
2022-11-25,1.68
2022-11-26,1.95
2022-11-27,1.79
2022-11-28,1.72
2022-11-29,1.66
2022-11-30,1.68
2022-12-01,1.46
2022-12-02,1.54
2022-12-03,1.8
2022-12-04,1.31
2022-12-05,1.33
2022-12-06,1.35
2022-12-07,1.61
2022-12-08,1.63
2022-12-09,1.78
2022-12-10,1.81
2022-12-11,1.85
2022-12-12,1.85
2022-12-13,1.66
2022-12-14,1.57
2022-12-15,1.51
2022-12-16,1.31
2022-12-17,1.37
2022-12-18,1.14
2022-12-19,1.21
2022-12-20,1.16
2022-12-21,1.19
2022-12-22,1.53
2022-12-23,1.83
2022-12-24,1.87
2022-12-25,1.84
2022-12-26,1.83
2022-12-27,1.72
2022-12-28,1.67
2022-12-29,1.44
2022-12-30,1.37
2022-12-31,1.53
2023-01-01,1.29
2023-01-02,1.14
2023-01-03,1.05
2023-01-04,1.29
2023-01-05,1.4
2023-01-06,1.4
2023-01-07,1.44
2023-01-08,1.45
2023-01-09,1.53
2023-01-10,1.39
2023-01-11,1.5
2023-01-12,1.48
2023-01-13,1.38
2023-01-14,1.26
2023-01-15,1.24
2023-01-16,1.21
2023-01-17,1.18
2023-01-18,1.16
2023-01-19,1.14
2023-01-20,1.56
2023-01-21,1.61
2023-01-22,1.83
2023-01-23,1.74
2023-01-24,1.7
2023-01-25,1.85
2023-01-26,1.63
2023-01-27,1.16
2023-01-28,1.53
2023-01-29,1.53
2023-01-30,1.17
2023-01-31,1.36
2023-02-01,1.27
2023-02-02,1.35
2023-02-03,1.59
2023-02-04,1.66
2023-02-05,1.6
2023-02-06,1.58
2023-02-07,1.5
2023-02-08,1.49
2023-02-09,1.57
2023-02-10,1.49
2023-02-11,1.43
2023-02-12,1.44
2023-02-13,1.27
2023-02-14,1.14
2023-02-15,1.26
2023-02-16,1.26
2023-02-17,1.64
2023-02-18,1.56
2023-02-19,1.66
2023-02-20,1.85
2023-02-21,1.82
2023-02-22,1.72
2023-02-23,1.57
2023-02-24,1.49
2023-02-25,1.61
2023-02-26,1.44
2023-02-27,1.39
2023-02-28,1.3
2023-03-01,1.25
2023-03-02,1.39
2023-03-03,1.68
2023-03-04,1.46
2023-03-05,1.4
2023-03-06,1.45
2023-03-07,1.48
2023-03-08,1.4
2023-03-09,1.43
2023-03-10,1.46
2023-03-11,1.44
2023-03-12,1.32
2023-03-13,1.32
2023-03-14,1.27
2023-03-15,1.32
2023-03-16,1.17
2023-03-17,1.41
2023-03-18,1.54
2023-03-19,1.65
2023-03-20,1.6
2023-03-21,1.49
2023-03-22,1.38
2023-03-23,1.45
2023-03-24,1.35
2023-03-25,1.38
2023-03-26,1.22
2023-03-27,1.23
2023-03-28,1.1
2023-03-29,1.1
2023-03-30,1.04
2023-03-31,1.18
2023-04-01,1.24
2023-04-02,1.28
2023-04-03,1.28
2023-04-04,1.32
2023-04-05,1.17
2023-04-06,1.19
2023-04-07,1.19
2023-04-08,1.49
2023-04-09,1.51
2023-04-10,1.54
2023-04-11,1.38
2023-04-12,1.43
