ds,yhat
2015-01-01,-0.9991657079951377
2015-01-02,-0.5937834717785382
2015-01-03,-0.126735260182687
2015-01-04,-0.07242959826853479
2015-01-05,0.4552716866917894
2015-01-06,0.8892175146050505
2015-01-07,0.2414302282232117
2015-01-08,-0.5535730638100551
2015-01-09,-0.3392524215285331
2015-01-10,-0.06148439561680874
2015-01-11,-0.18993156180576243
2015-01-12,0.16600843721922853
2015-01-13,0.44326468193595536
2015-01-14,-0.3425355881194063
2015-01-15,-1.253823782911593
2015-01-16,-1.1316252399719913
2015-01-17,-0.9200457487748421
2015-01-18,-1.0876712288465464
2015-01-19,-0.7435293720000491
2015-01-20,-0.4510228639527334
2015-01-21,-1.1955357613281468
2015-01-22,-2.04115172371874
2015-01-23,-1.8311355292862412
2015-01-24,-1.5123522129474782
2015-01-25,-1.5565876120197162
2015-01-26,-1.0764212711301813
2015-01-27,-0.6390636702962427
2015-01-28,-1.2338618464407203
2015-01-29,-1.928914683844818
2015-01-30,-1.5714518938386925
2015-01-31,-1.1121535659604511
2015-02-01,-1.0263765069754687
2015-02-02,-0.4299405806412633
2015-02-03,0.10711095134407245
2015-02-04,-0.4069287476724748
2015-02-05,-1.0419928305152881
2015-02-06,-0.6465812011462253
2015-02-07,-0.17205626886674175
2015-02-08,-0.09386060261978635
2015-02-09,0.472690319292119
2015-02-10,0.9586266568582853
2015-02-11,0.3738489715962938
2015-02-12,-0.3494824342944467
2015-02-13,-0.057347341072354396
2015-02-14,0.301769432261203
2015-02-15,0.2555832300021903
2015-02-16,0.6921337647292178
2015-02-17,1.045916871879859
2015-02-18,0.3303209444928701
2015-02-19,-0.5190713767890456
2015-02-20,-0.3449678344354963
2015-02-21,-0.09281141973932261
2015-02-22,-0.23214827996959464
2015-02-23,0.1274318803581398
2015-02-24,0.4223729155831233
2015-02-25,-0.3324548022750582
2015-02-26,-1.2004841069032421
2015-02-27,-1.0239544311144586
2015-02-28,-0.7483625171088155
2015-03-01,-0.843823304081301
2015-03-02,-0.42099081419196605
2015-03-03,-0.04494969320314102
2015-03-04,-0.7027800257282886
2015-03-05,-1.4602351444093324
2015-03-06,-1.1621848304357814
2015-03-07,-0.7569991383520138
2015-03-08,-0.7178374263191101
2015-03-09,-0.15849422347552267
2015-03-10,0.35278555455500893
2015-03-11,-0.1741824309669644
2015-03-12,-0.808126325380619
2015-03-13,-0.3966919254418988
2015-03-14,0.10923719353459926
2015-03-15,0.23430726345651376
2015-03-16,0.8628967624072459
2015-03-17,1.4253401881965204
2015-03-18,0.9304679262066196
2015-03-19,0.3090201716795722
2015-03-20,0.7132805379742981
2015-03-21,1.1927525360598135
2015-03-22,1.2729131813741965
2015-03-23,1.8393913716995338
2015-03-24,2.3241582462876984
2015-03-25,1.7380252177429498
2015-03-26,1.0140087453068074
2015-03-27,1.3069087360931424
2015-03-28,1.6689251286669262
2015-03-29,1.6283483637194678
2015-03-30,2.0736728783320273
2015-03-31,2.439722335680826
2015-04-01,1.740083757435869
2015-04-02,0.9104110442583306
2015-04-03,1.10794609798723
2015-04-04,1.3870833094130766
2015-04-05,1.278014183918319
2015-04-06,1.6708021468557748
2015-04-07,2.0014769673902237
2015-04-08,1.2844465050913931
2015-04-09,0.455786604111319
2015-04-10,0.6727574924937452
2015-04-11,0.9893723879860259
2015-04-12,0.9350548419317963
2015-04-13,1.3987344328069415
2015-04-14,1.8149696553906098
2015-04-15,1.196394967464406
2015-04-16,0.4770519479202404
2015-04-17,0.8119519419461625
2015-04-18,1.2526948383639476
2015-04-19,1.3261793827707202
2015-04-20,1.9187534851391077
2015-04-21,2.4623922017318978
2015-04-22,1.9671992023094527
2015-04-23,1.3647905634045667
2015-04-24,1.8079072092604087
2015-04-25,2.3460796703836984
2015-04-26,2.5043796842852855
2015-04-27,3.167606329132185
2015-04-28,3.766493725484512
2015-04-29,3.310235605250661
2015-04-30,2.7298852161764717
2015-05-01,3.177976654250534
2015-05-02,3.70419120902405
2015-05-03,3.834103304016801
2015-05-04,4.453353918951812
2015-05-05,4.99383885684557
2015-05-06,4.4662076060629134
2015-05-07,3.8032318291335323
2015-05-08,4.159390234472965
2015-05-09,4.586494166234788
2015-05-10,4.612389316493362
2015-05-11,5.125082324481902
2015-05-12,5.558880543669187
2015-05-13,4.926841667572322
2015-05-14,4.164093193289099
2015-05-15,4.427369415760811
2015-05-16,4.770591198488143
2015-05-17,4.7235247932730475
2015-05-18,5.175869285249953
2015-05-19,5.563361684834145
2015-05-20,4.900197015059224
2015-05-21,4.122323936210555
2015-05-22,4.386964059367606
2015-05-23,4.748180540629618
2015-05-24,4.735532455700193
2015-05-25,5.238164634822123
2015-05-26,5.690921957386458
2015-05-27,5.106785305924337
2015-05-28,4.420189447660725
2015-05-29,4.7865706003485675
2015-05-30,5.257968763703714
2015-05-31,5.361720698245092
2015-06-01,5.984592515853777
2015-06-02,6.558940079942449
2015-06-03,6.095193541187069
2015-06-04,5.525225346276482
2015-06-05,6.001948505205629
2015-06-06,6.57496920463414
2015-06-07,6.769328651387778
2015-06-08,7.469682127909018
2015-06-09,8.106502509780123
2015-06-10,7.6886036775499775
2015-06-11,7.146542339342254
2015-06-12,7.6322443194765786
2015-06-13,8.194678777494984
2015-06-14,8.358614740471012
2015-06-15,9.008807563943684
2015-06-16,9.576202350099114
2015-06-17,9.0704496864155
2015-06-18,8.42329230930148
2015-06-19,8.78816899435832
2015-06-20,9.215859540284669
2015-06-21,9.233205782786225
2015-06-22,9.727256949084378
2015-06-23,10.13142720647248
2015-06-24,9.457961707023522
2015-06-25,8.641270767421641
2015-06-26,8.83747959462479
2015-06-27,9.100018584707463
2015-06-28,8.958290317879946
2015-06-29,9.301762746988548
2015-06-30,9.56607759289648
2015-07-01,8.76547135517792
2015-07-02,7.836069603624176
2015-07-03,7.935402882963094
2015-07-04,8.117970052076764
2015-07-05,7.913885826302753
2015-07-06,8.212962499936815
2015-07-07,8.450815162590374
2015-07-08,7.64128792861829
2015-07-09,6.719761761057264
2015-07-10,6.842691942603686
2015-07-11,7.063200543229154
2015-07-12,6.90975999794399
2015-07-13,7.270316946824095
2015-07-14,7.5784446737076
2015-07-15,6.845820553470293
2015-07-16,6.0055878782255885
2015-07-17,6.211948822097211
2015-07-18,6.515812558536723
2015-07-19,6.4435332928028615
2015-07-20,6.881086030328744
2015-07-21,7.26026713835521
2015-07-22,6.5912149181464255
2015-07-23,5.805808477700484
2015-07-24,6.057290732959702
2015-07-25,6.3959387852687275
2015-07-26,6.347815862888952
2015-07-27,6.7989522786922505
2015-07-28,7.181542310617059
2015-07-29,6.50645229503868
2015-07-30,5.706598519734331
2015-07-31,5.9365412593948
2015-08-01,6.248118923400893
2015-08-02,6.169157415631329
2015-08-03,6.587603238524226
2015-08-04,6.937668469433364
2015-08-05,6.232284231679996
2015-08-06,5.40642265602931
2015-08-07,5.616635125186606
2015-08-08,5.916632223382892
2015-08-09,5.835941907791307
2015-08-10,6.263995777795984
2015-08-11,6.636232804749298
2015-08-12,5.966518236386331
2015-08-13,5.190438590583179
2015-08-14,5.4648212513453025
2015-08-15,5.843304590242951
2015-08-16,5.854995396956251
2015-08-17,6.3885635190309955
2015-08-18,6.878362852385673
2015-08-19,6.336875934899797
2015-08-20,5.698042366120712
2015-08-21,6.116818661894509
2015-08-22,6.64479437391942
2015-08-23,6.808900004204584
2015-08-24,7.495555233836195
2015-08-25,8.136845136994365
2015-08-26,7.7430201121390665
2015-08-27,7.245878224902041
2015-08-28,7.798376077360935
2015-08-29,8.450291615788943
2015-08-30,8.726973105336274
2015-08-31,9.5135216432859
2015-09-01,10.240993921196853
2015-09-02,9.918920223027296
2015-09-03,9.47869584739221
2015-09-04,10.073191817316594
2015-09-05,10.752408302479337
2015-09-06,11.042205261898136
2015-09-07,11.82845821913656
2015-09-08,12.543226669165273
2015-09-09,12.197231121049711
2015-09-10,11.723198183467145
2015-09-11,12.275420944264416
2015-09-12,12.905359588089883
2015-09-13,13.140318368254533
2015-09-14,13.867548497020799
2015-09-15,14.520366102585653
2015-09-16,14.110582855417046
2015-09-17,13.571810171982815
2015-09-18,14.058985605906084
2015-09-19,14.623947545805674
2015-09-20,14.79409529068797
2015-09-21,15.456484770234653
2015-09-22,16.043949485126337
2015-09-23,15.56754440361943
2015-09-24,14.959873553407347
2015-09-25,15.374649446527176
2015-09-26,15.862309688626528
2015-09-27,15.948726796207634
2015-09-28,16.519360186755844
2015-09-29,17.00543839132878
2015-09-30,16.416467515679678
2015-10-01,15.683624838972985
2015-10-02,15.95938374714429
2015-10-03,16.293193373694756
2015-10-04,16.210247009798692
2015-10-05,16.595686359119625
2015-10-06,16.880827923945255
2015-10-07,16.075705964282413
2015-10-08,15.112489560997364
2015-10-09,15.145118891349536
2015-10-10,15.224983306388825
2015-10-11,14.879674822670541
2015-10-12,14.997164008218446
2015-10-13,15.011984818481345
2015-10-14,13.937723458873194
2015-10-15,12.710369796870022
2015-10-16,12.487877762406022
2015-10-17,12.325758966822725
2015-10-18,11.75574506732568
2015-10-19,11.669868047479806
2015-10-20,11.506547053347582
2015-10-21,10.282979775066753
2015-10-22,8.938398922023975
2015-10-23,8.633542959058543
2015-10-24,8.426167707544035
2015-10-25,7.849636623437953
2015-10-26,7.796940962902276
2015-10-27,7.706740543425366
2015-10-28,6.5957241410879925
2015-10-29,5.401851716336769
2015-10-30,5.283828180781309
2015-10-31,5.296635721319471
2015-11-01,4.970162425451929
2015-11-02,5.193277911047861
2015-11-03,5.399945727291555
2015-11-04,4.601670208995662
2015-11-05,3.730838228320521
2015-11-06,3.940303456050684
2015-11-07,4.279037743577854
2015-11-08,4.270884715011889
2015-11-09,4.798763431748768
2015-11-10,5.290908936781652
2015-11-11,4.753444354927964
2015-11-12,4.113842014405701
2015-11-13,4.520618324624208
2015-11-14,5.019084317663765
2015-11-15,5.130184481496468
2015-11-16,5.734769591303271
2015-11-17,6.259888551827674
2015-11-18,5.7113925417755365
2015-11-19,5.017407987552638
2015-11-20,5.3280226368930785
2015-11-21,5.691006664828311
2015-11-22,5.630601957439386
2015-11-23,6.031726280586355
2015-11-24,6.3261788098200675
2015-11-25,5.5251422054311075
2015-11-26,4.562540039027462
2015-11-27,4.594596454130625
2015-11-28,4.675422876198608
2015-11-29,4.335668002514415
2015-11-30,4.466580992302939
2015-12-01,4.5060775968103925
2015-12-02,3.471107648356201
2015-12-03,2.3008858425865903
2015-12-04,2.1563356411036705
2015-12-05,2.095573799448832
2015-12-06,1.652474120004042
2015-12-07,1.720662340868627
2015-12-08,1.7395334644590728
2015-12-09,0.7265910440144374
2015-12-10,-0.3793290297446692
2015-12-11,-0.4186003123497839
2015-12-12,-0.3352860599190306
2015-12-13,-0.5985202567177144
2015-12-14,-0.3184388811559611
2015-12-15,-0.0600719223522157
2015-12-16,-0.8108988392848202
2015-12-17,-1.6375074699587415
2015-12-18,-1.3860092871376501
2015-12-19,-1.0063869334606608
2015-12-20,-0.9737395032180762
2015-12-21,-0.4040782550518811
2015-12-22,0.13191353734172573
2015-12-23,-0.35854918858040374
2015-12-24,-0.9468959050633563
2015-12-25,-0.4835115282923015
2015-12-26,0.0780058414096576
2015-12-27,0.25967301239111684
2015-12-28,0.9433813612047022
2015-12-29,1.5571732174908712
2015-12-30,1.1078285268056858
2015-12-31,0.5243186896007952
2016-01-01,0.9574723171968609
2016-01-02,1.4556753927111172
2016-01-03,1.5436396065341818
2016-01-04,2.106586246652066
2016-01-05,2.576432820675438
2016-01-06,1.9642782989380247
2016-01-07,1.2037464716775972
2016-01-08,1.4505349474708042
2016-01-09,1.7579951882793656
2016-01-10,1.655780306163214
2016-01-11,2.0339109321264295
2016-01-12,2.3288491668384648
2016-01-13,1.5558791692357943
2016-01-14,0.6523563124851952
2016-01-15,0.7771745831660573
2016-01-16,0.9862794301615274
2016-01-17,0.8112642210444596
2016-01-18,1.1434016400014908
2016-01-19,1.4197006309570694
2016-01-20,0.6552875970295089
2016-01-21,-0.21332649626677647
2016-01-22,-0.02874414471919451
2016-01-23,0.2628816425668923
2016-01-24,0.19050794237347546
2016-01-25,0.6423097084541167
2016-01-26,1.0518232580005469
2016-01-27,0.4304218817653167
2016-01-28,-0.28931724832045713
2016-01-29,0.04599153571647552
2016-01-30,0.4862082246147734
2016-01-31,0.5564282906678217
2016-02-01,1.1411862442393792
2016-02-02,1.6706878021909093
2016-02-03,1.1533649794815242
2016-02-04,0.5193114509252803
2016-02-05,0.9199430569513103
2016-02-06,1.4037057604767478
2016-02-07,1.494864338665284
2016-02-08,2.077718415478759
2016-02-09,2.5828319714158288
2016-02-10,2.0195709421889445
2016-02-11,1.3195069183599495
2016-02-12,1.636032827226507
2016-02-13,2.020014223072704
2016-02-14,1.9985110624715814
2016-02-15,2.4589183929784597
2016-02-16,2.8351140945717797
2016-02-17,2.1399104161196987
2016-02-18,1.3083695218756741
2016-02-19,1.4973311487060643
2016-02-20,1.7609781805432103
2016-02-21,1.6294771045902428
2016-02-22,1.993043722624276
2016-02-23,2.2880240132375804
2016-02-24,1.5292884148167554
2016-02-25,0.6535010092755345
2016-02-26,0.8186126826981805
2016-02-27,1.079404736758045
2016-02-28,0.9661202633928312
2016-02-29,1.3685336820904919
2016-03-01,1.7220480447152173
2016-03-02,1.0401177829824162
2016-03-03,0.25755750023678825
2016-03-04,0.5300847485912099
2016-03-05,0.9099219060914212
2016-03-06,0.9244929205025851
2016-03-07,1.4605636279721503
2016-03-08,1.950413459099602
2016-03-09,1.4043343594860547
2016-03-10,0.7540156686645245
2016-03-11,1.1521610763501258
2016-03-12,1.6481610273566734
2016-03-13,1.7668547180091148
2016-03-14,2.39272892450366
2016-03-15,2.9561401961792635
2016-03-16,2.4658551760239034
2016-03-17,1.8524669634889053
2016-03-18,2.2680330602160605
2016-03-19,2.7617579507191934
2016-03-20,2.858754402380093
2016-03-21,3.4442309233010184
2016-03-22,3.949692355162411
2016-03-23,3.385449037799212
2016-03-24,2.683993343930828
2016-03-25,2.999590191654253
2016-03-26,3.3839058081534006
2016-03-27,3.364710172689967
2016-03-28,3.8300020095015923
2016-03-29,4.2141447928753255
2016-03-30,3.530310703817287
2016-03-31,2.7137928221314853
2016-04-01,2.9215335960492634
2016-04-02,3.2076952150196396
2016-04-03,3.1023085550785945
2016-04-04,3.4953506725035477
2016-04-05,3.82284025561187
2016-04-06,3.099248746886019
2016-04-07,2.260788004585662
2016-04-08,2.464922935685068
2016-04-09,2.765934916313014
2016-04-10,2.6935726617341085
2016-04-11,3.137140321414231
2016-04-12,3.5316118257522273
2016-04-13,2.8900686433475107
2016-04-14,2.147021111042216
2016-04-15,2.4579609273298493
2016-04-16,2.874969671188071
2016-04-17,2.9254189645022155
2016-04-18,3.4961109444247485
2016-04-19,4.0194469224292035
2016-04-20,3.505920223525642
2016-04-21,2.8874922110856738
2016-04-22,3.3171979632254183
2016-04-23,3.8448053920596386
2016-04-24,3.995562427420083
2016-04-25,4.654380026777163
2016-04-26,5.252038091173596
2016-04-27,4.79770960412832
2016-04-28,4.222361453179479
2016-04-29,4.678377992230474
2016-04-30,5.215230756830292
2016-05-01,5.358229402881221
2016-05-02,5.992700513000104
2016-05-03,6.55018265206574
2016-05-04,6.040932714646059
2016-05-05,5.397302559073038
2016-05-06,5.773332522779954
2016-05-07,6.2203859849188206
2016-05-08,6.2658602068466696
2016-05-09,6.797322039977902
2016-05-10,7.248656608291324
2016-05-11,6.632525487406052
2016-05-12,5.883694197645693
2016-05-13,6.158576552818993
2016-05-14,6.510820971783967
2016-05-15,6.469974901883638
2016-05-16,6.9255768241498155
2016-05-17,7.313264774595201
2016-05-18,6.647198663294818
2016-05-19,5.863356888149635
2016-05-20,6.119055372665403
2016-05-21,6.468514620286394
2016-05-22,6.4415113092465415
2016-05-23,6.927464155187323
2016-05-24,7.361543110731997
2016-05-25,6.75709919305063
2016-05-26,6.048975319109673
2016-05-27,6.3930460351806495
2016-05-28,6.841811368068942
2016-05-29,6.923080839845308
2016-05-30,7.5240967814080095
2016-05-31,8.077685321843955
2016-06-01,7.594731563411669
2016-06-02,7.007538464792175
2016-06-03,7.4694164011868365
2016-06-04,8.030327666041778
2016-06-05,8.215620966293757
2016-06-06,8.910204047950163
2016-06-07,9.544741840826248
2016-06-08,9.12817567398563
2016-06-09,8.591122175521694
2016-06-10,9.085497984381746
2016-06-11,9.660193784421086
2016-06-12,9.839832061214342
2016-06-13,10.508956185472256
2016-06-14,11.098237810682335
2016-06-15,10.616997877925089
2016-06-16,9.996599733878858
2016-06-17,10.390060538187415
2016-06-18,10.84770467729404
2016-06-19,10.895893949201042
2016-06-20,11.42118263947691
2016-06-21,11.856485136968217
2016-06-22,11.213552175945573
2016-06-23,10.426315122646573
2016-06-24,10.650445494862351
2016-06-25,10.938954524186432
2016-06-26,10.82086867516033
2016-06-27,11.185330424142201
2016-06-28,11.46771313553353
2016-06-29,10.682047291276685
2016-06-30,9.764318613810676
2016-07-01,9.871986319977179
2016-07-02,10.059547265697859
2016-07-03,9.857182723525781
2016-07-04,10.154837780338518
2016-07-05,10.388322715525877
2016-07-06,9.57173396180974
2016-07-07,8.640755347702555
2016-07-08,8.75218782405431
2016-07-09,8.959533203360012
2016-07-10,8.791668229615176
2016-07-11,9.136958355684039
2016-07-12,9.429399804521452
2016-07-13,8.681086575127797
2016-07-14,7.825562014582795
2016-07-15,8.017401968870196
2016-07-16,8.307853767150563
2016-07-17,8.223566029059421
2016-07-18,8.65075732167432
2016-07-19,9.021410903175068
2016-07-20,8.345790919051082
2016-07-21,7.555838454176225
2016-07-22,7.804793343768612
2016-07-23,8.14286502533053
2016-07-24,8.09598661174748
2016-07-25,8.549999587927752
2016-07-26,8.936855946501284
2016-07-27,8.267132922434842
2016-07-28,7.4734187465451
2016-07-29,7.709915562044478
2016-07-30,8.028083247417392
2016-07-31,7.955358997424981
2016-08-01,8.379300930930272
2016-08-02,8.733743581462152
2016-08-03,8.031261619216663
2016-08-04,7.206501442311632
2016-08-05,7.4157286235598585
2016-08-06,7.7124155011236954
2016-08-07,7.625906118048131
2016-08-08,8.045507759765764
2016-08-09,8.406598400867116
2016-08-10,7.723047674967611
2016-08-11,6.930512225769332
2016-08-12,7.185953941304414
2016-08-13,7.543207029830482
2016-08-14,7.531630801946427
2016-08-15,8.040198183581277
2016-08-16,8.503609266582457
2016-08-17,7.934727350807549
2016-08-18,7.267897933348835
2016-08-19,7.6584985113630095
2016-08-20,8.158544303978458
2016-08-21,8.29538570946506
2016-08-22,8.955846305777044
2016-08-23,9.572389348893946
2016-08-24,9.155608771105722
2016-08-25,8.637603623008692
2016-08-26,9.171582295264301
2016-08-27,9.807520118899875
2016-08-28,10.07090471951593
2016-08-29,10.846916599252364
2016-08-30,11.566631711452814
2016-08-31,11.239541019862601
2016-09-01,10.796945184976904
2016-09-02,11.391570145799855
2016-09-03,12.073226879553006
2016-09-04,12.367549661038096
2016-09-05,13.160160508606776
2016-09-06,13.882847057750531
2016-09-07,13.546049582479597
2016-09-08,13.082216269383153
2016-09-09,13.645373683840745
2016-09-10,14.286737059933952
2016-09-11,14.533396225762136
2016-09-12,15.272426441172172
2016-09-13,15.937013034427206
2016-09-14,15.538887212284612
2016-09-15,15.011633764020395
2016-09-16,15.510219128531405
2016-09-17,16.086565854469917
2016-09-18,16.268210489922204
2016-09-19,16.942395191622218
2016-09-20,17.542182708833217
2016-09-21,17.07889261423074
2016-09-22,16.48541971039277
2016-09-23,16.915782988059405
2016-09-24,17.420730769262292
2016-09-25,17.526438376646247
2016-09-26,18.11864763954348
2016-09-27,18.628836650621274
2016-09-28,18.06671617225948
2016-09-29,17.363611953304407
2016-09-30,17.67207951286835
2016-10-01,18.041575101468432
2016-10-02,17.997217206605907
2016-10-03,18.423985942282137
2016-10-04,18.7529468235048
2016-10-05,17.99379352537971
2016-10-06,17.078267253643126
2016-10-07,17.159797864545332
2016-10-08,17.289189284633814
2016-10-09,16.993382734913215
2016-10-10,17.159644563755613
2016-10-11,17.221765004271973
2016-10-12,16.192562633241778
2016-10-13,15.007252702403196
2016-10-14,14.823025384000584
2016-10-15,14.69465772919136
2016-10-16,14.153194410090695
2016-10-17,14.090045899786155
2016-10-18,13.943092496760212
2016-10-19,12.729091252086693
2016-10-20,11.38694638606725
2016-10-21,11.077191725843615
2016-10-22,10.857511462410553
2016-10-23,10.261336742587925
2016-10-24,10.181869075321373
2016-10-25,10.058121101167787
2016-10-26,8.907273684186992
2016-10-27,7.667911518250671
2016-10-28,7.49948704254301
2016-10-29,7.457839846429099
2016-10-30,7.07380955066097
2016-10-31,7.23729318529918
2016-11-01,7.383337215608178
2016-11-02,6.524562341299505
2016-11-03,5.5944820048291675
2016-11-04,5.747062749500614
2016-11-05,6.032351591166971
2016-11-06,5.975206056576008
2016-11-07,6.459475311035899
2016-11-08,6.914219726139933
2016-11-09,6.344455714177634
2016-11-10,5.680025575187363
2016-11-11,6.069853882003401
2016-11-12,6.559496280554695
2016-11-13,6.6699717933165505
2016-11-14,7.282032882750851
2016-11-15,7.822458387597
2016-11-16,7.296662631363304
2016-11-17,6.6321771461126815
2016-11-18,6.978349106923046
2016-11-19,7.382078146750756
2016-11-20,7.366624352867849
2016-11-21,7.815833734114732
2016-11-22,8.160367153290284
2016-11-23,7.410227374333499
2016-11-24,6.49814245654475
2016-11-25,6.579151778492783
2016-11-26,6.706218895487221
2016-11-27,6.408906853234745
2016-11-28,6.577465288181847
2016-11-29,6.648918497144816
2016-11-30,5.639452384202128
2016-12-01,4.487661766722336
2016-12-02,4.3540074850380295
2016-12-03,4.2963105170721025
2016-12-04,3.848321480304647
2016-12-05,3.903717306544337
2016-12-06,3.9021163623602755
2016-12-07,2.8614115977974803
2016-12-08,1.7209844236100222
2016-12-09,1.6411494941102527
2016-12-10,1.6786578263925724
2016-12-11,1.365296359421393
2016-12-12,1.5919349588929625
2016-12-13,1.7946108801486735
2016-12-14,0.9869485619862512
2016-12-15,0.1034753351304154
2016-12-16,0.2991807521093337
2016-12-17,0.6251442059914769
2016-12-18,0.6072659537277856
2016-12-19,1.1304494111630996
2016-12-20,1.6248215191714737
2016-12-21,1.0982858454581033
2016-12-22,0.4799658800658486
2016-12-23,0.9198832639104335
2016-12-24,1.4646928800498298
2016-12-25,1.6365074806851814
2016-12-26,2.3171576269198866
2016-12-27,2.9344720520673526
2016-12-28,2.494871864009557
2016-12-29,1.9268352627911938
2016-12-30,2.3805772132052025
2016-12-31,2.903766188706597
2017-01-01,3.020311323497519
2017-01-02,3.61456687078076
2017-01-03,4.117540624281414
2017-01-04,3.539401648558878
2017-01-05,2.8128462568041837
2017-01-06,3.0926692122269923
2017-01-07,3.431365014292118
2017-01-08,3.3577954905626557
2017-01-09,3.7612735424570007
2017-01-10,4.077652645393182
2017-01-11,3.321720312621961
2017-01-12,2.4304571758660014
2017-01-13,2.562511158583405
2017-01-14,2.7737138287099734
2017-01-15,2.5956770513611236
2017-01-16,2.919821320436018
2017-01-17,3.1834264977807614
2017-01-18,2.4020038718462784
2017-01-19,1.5125514540839626
2017-01-20,1.67304181531114
2017-01-21,1.9379689467776098
2017-01-22,1.8369912561403554
2017-01-23,2.2590206894863583
2017-01-24,2.6383469822692565
2017-01-25,1.9870939349005692
2017-01-26,1.2385673787282556
2017-01-27,1.5468417053188093
2017-01-28,1.9624089005995193
2017-01-29,2.010924602017183
2017-01-30,2.577398594389881
2017-01-31,3.0924162522910406
2017-02-01,2.564685471317534
2017-02-02,1.9244665988018337
2017-02-03,2.3232303308486095
2017-02-04,2.809365904077194
2017-02-05,2.9069728159702724
2017-02-06,3.5000825609879973
2017-02-07,4.018896335430392
2017-02-08,3.4723330801486467
2017-02-09,2.7914455784627235
2017-02-10,3.129050151858894
2017-02-11,3.5353932061907933
2017-02-12,3.5368891067646464
2017-02-13,4.020277397753992
2017-02-14,4.416739649018046
2017-02-15,3.740509459239126
2017-02-16,2.9260610421551005
2017-02-17,3.129698522892345
2017-02-18,3.4051342205282813
2017-02-19,3.2821400299182075
2017-02-20,3.65062203409074
2017-02-21,3.9467080549184455
2017-02-22,3.1851462814276985
2017-02-23,2.302576385055392
2017-02-24,2.4570221879599563
2017-02-25,2.7034324075957024
2017-02-26,2.5723068969198843
2017-02-27,2.9537589398964093
2017-02-28,3.2836034163194476
2017-03-01,2.575768762743614
2017-03-02,1.765593618432729
2017-03-03,2.009356412722603
2017-03-04,2.3598633432758778
2017-03-05,2.3451308580213457
2017-03-06,2.8525116975360962
2017-03-07,3.3148526530341558
2017-03-08,2.742980195436404
2017-03-09,2.0690730260074632
2017-03-10,2.4462679453265723
2017-03-11,2.924322654887865
2017-03-12,3.028369837201195
2017-03-13,3.6431099138557
2017-03-14,4.199029126755828
2017-03-15,3.704937768631086
2017-03-16,3.0913864926632284
2017-03-17,3.510306208546975
2017-03-18,4.010694537312091
2017-03-19,4.117382786260138
2017-03-20,4.715230719972359
2017-03-21,5.23533590729956
2017-03-22,4.6875528543861495
2017-03-23,4.003880472178043
2017-03-24,4.338064219115996
2017-03-25,4.741236915012263
2017-03-26,4.740633373163964
2017-03-27,5.223727442982242
2017-03-28,5.624379656244279
2017-03-29,4.955292162237894
2017-03-30,4.151331001884071
2017-03-31,4.369063554432529
2017-04-01,4.662336603028114
2017-04-02,4.5609315417661875
2017-04-03,4.954646588043506
2017-04-04,5.279395334658968
2017-04-05,4.549619315663366
2017-04-06,3.7015754538883123
2017-04-07,3.892846856879856
2017-04-08,4.17790284666202
2017-04-09,4.086744986384559
2017-04-10,4.508989009407776
2017-04-11,4.879971832595658
2017-04-12,4.213180989201119
2017-04-13,3.44356683706701
2017-04-14,3.727085338646976
2017-04-15,4.1162964886505975
2017-04-16,4.139054224363817
2017-04-17,4.682636700531027
2017-04-18,5.179905015361005
2017-04-19,4.641786581042577
2017-04-20,4.000642330690453
2017-04-21,4.409864397011151
2017-04-22,4.9195282037230665
2017-04-23,5.055133718591423
2017-04-24,5.701783733062777
2017-04-25,6.29038632593315
2017-04-26,5.8301768792375555
2017-04-27,5.252118130600595
2017-04-28,5.7085243180776875
2017-04-29,6.248732915719377
2017-04-30,6.397858407575213
2017-05-01,7.04097580808444
2017-05-02,7.609321072979035
2017-05-03,7.112803896379375
2017-05-04,6.483391641211133
2017-05-05,6.874710849587998
2017-05-06,7.33769034009563
2017-05-07,7.399280954896791
2017-05-08,7.946600373428507
2017-05-09,8.413090924824445
2017-05-10,7.8109867467891645
2017-05-11,7.074649937947714
2017-05-12,7.360123081725801
2017-05-13,7.720723094715152
2017-05-14,7.685712406582532
2017-05-15,8.144396813931516
2017-05-16,8.532238831607124
2017-05-17,7.863283730906728
2017-05-18,7.073458689585552
2017-05-19,7.320093132400538
2017-05-20,7.657485826732992
2017-05-21,7.6127462407411866
2017-05-22,8.07830496713879
2017-05-23,8.48959220843464
2017-05-24,7.860271793890008
2017-05-25,7.125546136503529
2017-05-26,7.441689134687822
2017-05-27,7.8616323715782235
2017-05-28,7.91364079602117
2017-05-29,8.485427177357751
2017-05-30,9.010293879479129
2017-05-31,8.499598641350712
2017-06-01,7.886104069615191
2017-06-02,8.323557997091232
2017-06-03,8.86232915581088
2017-06-04,9.028133395581976
2017-06-05,9.706198755372903
2017-06-06,10.327456934892574
2017-06-07,9.901056860971337
2017-06-08,9.357759086846812
2017-06-09,9.84955725497447
2017-06-10,10.425350212398573
2017-06-11,10.609699231879283
2017-06-12,11.287017967360875
2017-06-13,11.88778212728656
2017-06-14,11.421054125092004
2017-06-15,10.817881149859055
2017-06-16,11.230912741735818
2017-06-17,11.710061470336473
2017-06-18,11.781241336533544
2017-06-19,12.330531851270482
2017-06-20,12.790355253817749
2017-06-21,12.171962754526081
2017-06-22,11.408789006812203
2017-06-23,11.65602177701679
2017-06-24,11.966211399424576
2017-06-25,11.867955711457121
2017-06-26,12.250009560365827
2017-06-27,12.547407520548159
2017-06-28,11.773896896556307
2017-06-29,10.865241393225402
2017-06-30,10.978743558025261
2017-07-01,11.16881165258526
2017-07-02,10.965607625513663
2017-07-03,11.259126138387414
2017-07-04,11.48529400619409
2017-07-05,10.658387691937811
2017-07-06,9.714329628403153
2017-07-07,9.810211678600751
2017-07-08,9.99987140567132
2017-07-09,9.812557642152845
2017-07-10,10.137034933992021
2017-07-11,10.407715655772542
2017-07-12,9.637116694946195
2017-07-13,8.759200574300237
2017-07-14,8.928948278471239
2017-07-15,9.197988291104235
2017-07-16,9.093317076853111
2017-07-17,9.501459265994416
2017-07-18,9.854654990289337
2017-07-19,9.163369922641358
2017-07-20,8.359686580605254
2017-07-21,8.59692291929231
2017-07-22,8.925301580622474
2017-07-23,8.870704023783246
2017-07-24,9.318856942207537
2017-07-25,9.701537743329242
2017-07-26,9.029094170082459
2017-07-27,8.233836363438185
2017-07-28,8.469647352126874
2017-07-29,8.787635521666154
2017-07-30,8.714863694463562
2017-07-31,9.138502846520197
2017-08-01,9.491998056414753
2017-08-02,8.787542764619037
2017-08-03,7.9594207967946495
2017-08-04,8.16356341814156
2017-08-05,8.453146346001141
2017-08-06,8.357262786416072
2017-08-07,8.765021976015765
2017-08-08,9.111662264287322
2017-08-09,8.410976199329161
2017-08-10,7.598608364298009
2017-08-11,7.831574398824982
2017-08-12,8.163827141428582
2017-08-13,8.124906781207269
2017-08-14,8.604025113110826
2017-08-15,9.03617331738636
2017-08-16,8.434550872469906
2017-08-17,7.733876249928193
2017-08-18,8.089927483253298
2017-08-19,8.555137968046802
2017-08-20,8.657283581463128
2017-08-21,9.283610213265504
2017-08-22,9.86698995176614
2017-08-23,9.418402212302528
2017-08-24,8.870299026338525
2017-08-25,9.37620108235787
2017-08-26,9.984771179666303
2017-08-27,10.223285499775411
2017-08-28,10.977078659702943
2017-08-29,11.677321092712894
2017-08-30,11.333537981659836
2017-08-31,10.877005071597177
2017-09-01,11.4603670968593
2017-09-02,12.133302022369492
2017-09-03,12.421265289915427
2017-09-04,13.20966158068605
2017-09-05,13.930031119118134
2017-09-06,13.592545987754058
2017-09-07,13.129375279752619
2017-09-08,13.694265730196877
2017-09-09,14.338162147537176
2017-09-10,14.587903143790587
2017-09-11,15.330341133188957
2017-09-12,15.998475193454837
2017-09-13,15.603893895338732
2017-09-14,15.08008858365208
2017-09-15,15.581985380650167
2017-09-16,16.161521788652596
2017-09-17,16.346304825853952
2017-09-18,17.02370093693922
2017-09-19,17.62694734196053
2017-09-20,17.16758276152718
2017-09-21,16.578758569163053
2017-09-22,17.014778923575747
2017-09-23,17.526695740635105
2017-09-24,17.6409951179104
2017-09-25,18.243724831802574
2017-09-26,18.766651660582404
2017-09-27,18.21974529300651
2017-09-28,17.534548454933034
2017-09-29,17.86378018362656
2017-09-30,18.256996323539394
2017-10-01,18.239341954729632
2017-10-02,18.69574340755049
2017-10-03,19.057126639876913
2017-10-04,18.332956804024
2017-10-05,17.45465680288312
2017-10-06,17.57525008494508
2017-10-07,17.745050275128783
2017-10-08,17.490431124267545
2017-10-09,17.69802349080026
2017-10-10,17.80092551152495
2017-10-11,16.81122051418132
2017-10-12,15.66336055747588
2017-10-13,15.513761300732924
2017-10-14,15.416431615247495
2017-10-15,14.90167258420571
2017-10-16,14.860194094425433
2017-10-17,14.729236959504952
2017-10-18,13.524997162123771
2017-10-19,12.185912339791013
2017-10-20,11.872158603989163
2017-10-21,11.641183581833015
2017-10-22,11.02631283050502
2017-10-23,10.92078029234577
2017-10-24,10.763773091165364
2017-10-25,9.57278945131685
2017-10-26,8.28687183031297
2017-10-27,8.066065038900017
2017-10-28,7.966926590372919
2017-10-29,7.521127409762063
2017-10-30,7.619494146916937
2017-10-31,7.698083543942503
2017-11-01,6.770587350757733
2017-11-02,5.771629153959605
2017-11-03,5.856301740256679
2017-11-04,6.075770678840407
2017-11-05,5.955980323581301
2017-11-06,6.381811219904058
2017-11-07,6.783276829546071
2017-11-08,6.1680553110952605
2017-11-09,5.46491481249163
2017-11-10,5.823377904877226
2017-11-11,6.289447840583782
2017-11-12,6.3844298989708905
2017-11-13,6.989194005676643
2017-11-14,7.530463947676155
2017-11-15,7.013426605864247
2017-11-16,6.365217679669338
2017-11-17,6.734627937998511
2017-11-18,7.167851513524865
2017-11-19,7.187308800213825
2017-11-20,7.675889918769367
2017-11-21,8.063204343959619
2017-11-22,7.358130876526028
2017-11-23,6.4922256696357
2017-11-24,6.619334027021881
2017-11-25,6.791229581973749
2017-11-26,6.536315869804648
2017-11-27,6.743739014118481
2017-11-28,6.849500113805689
2017-11-29,5.868864672088766
2017-11-30,4.739630025727073
2017-12-01,4.621599750593164
2017-12-02,4.572091844659375
2017-12-03,4.1245187451312635
2017-12-04,4.172390727234662
2017-12-05,4.155333807960003
2017-12-06,3.0914216828064216
2017-12-07,1.9203844364092486
2017-12-08,1.803044339074324
2017-12-09,1.7968063856845884
2017-12-10,1.4342419913038382
2017-12-11,1.6071172375947054
2017-12-12,1.7524561382513912
2017-12-13,0.884937308518996
2017-12-14,-0.05981482138822969
2017-12-15,0.07430404373947397
2017-12-16,0.3394802197857576
2017-12-17,0.2626880228881605
2017-12-18,0.729848028578969
2017-12-19,1.1720249705372225
2017-12-20,0.5979604623703736
2017-12-21,-0.06250153459031438
2017-12-22,0.34124864164013147
2017-12-23,0.8563098469547823
2017-12-24,1.0050866813651265
2017-12-25,1.6695450296500525
2017-12-26,2.2774917693106467
2017-12-27,1.8351720362401025
2017-12-28,1.2707406091415914
2017-12-29,1.7339516512386073
2017-12-30,2.2718886435204375
2017-12-31,2.407767491603974
2018-01-01,3.0251592856634355
2018-01-02,3.5542188995370254
2018-01-03,3.0042142629218604
2018-01-04,2.3069147062402893
2018-01-05,2.6161848013309594
2018-01-06,2.9836080059988017
2018-01-07,2.937175793659918
2018-01-08,3.3653916034090816
2018-01-09,3.7033787372387104
2018-01-10,2.965289990259884
2018-01-11,2.087580303901272
2018-01-12,2.2284916233059553
2018-01-13,2.443576826200328
2018-01-14,2.264300703746299
2018-01-15,2.582069314315559
2018-01-16,2.8342784633467444
2018-01-17,2.0366803265043805
2018-01-18,1.1266303167101208
2018-01-19,1.2625637512689352
2018-01-20,1.4995291220045752
2018-01-21,1.3678154523341233
2018-01-22,1.757024151556898
2018-01-23,2.102174822678175
2018-01-24,1.4161423955730283
2018-01-25,0.632985737564236
2018-01-26,0.9075150988834064
2018-01-27,1.2909228049580799
2018-01-28,1.3095121587317875
2018-01-29,1.8488723773272593
2018-01-30,2.3400864336589606
2018-01-31,1.7922666538044725
2018-02-01,1.1359758279147671
2018-02-02,1.5228789823763833
2018-02-03,2.001448252440083
2018-02-04,2.095754128474667
2018-02-05,2.6896895307313295
2018-02-06,3.2132125637826334
2018-02-07,2.6749021520106693
2018-02-08,2.005384045063974
2018-02-09,2.356972453439999
2018-02-10,2.779350238450464
2018-02-11,2.7983217692528086
2018-02-12,3.2999860694087357
2018-02-13,3.7169175652313204
2018-02-14,3.0606503508160405
2018-02-15,2.265025377810292
2018-02-16,2.4857479035911396
2018-02-17,2.7759802958308217
2018-02-18,2.665006524367967
2018-02-19,3.0423181695508275
2018-02-20,3.343711399951691
2018-02-21,2.5836928567921955
2018-02-22,1.6987557093045522
2018-02-23,1.846874861314439
2018-02-24,2.083047807119467
2018-02-25,1.9379185906537222
2018-02-26,2.301835520407268
2018-02-27,2.610932601511527
2018-02-28,1.879532809167963
2018-03-01,1.0434343340290377
2018-03-02,1.259428334943772
2018-03-03,1.5808739576536066
2018-03-04,1.5363670629454722
2018-03-05,2.013852065190364
2018-03-06,2.4467653851683115
2018-03-07,1.8465070175242388
2018-03-08,1.1457995953455589
2018-03-09,1.4982816649029846
2018-03-10,1.9541590633475616
2018-03-11,2.0389490045351533
2018-03-12,2.6376644823497237
2018-03-13,3.181025807749161
2018-03-14,2.6779942297898964
2018-03-15,2.059185646443429
2018-03-16,2.4765099395426278
2018-03-17,2.9788588847582673
2018-03-18,3.090876529619909
2018-03-19,3.6971592030382197
2018-03-20,4.228471783127392
2018-03-21,3.6942752443021276
2018-03-22,3.0261238123027194
2018-03-23,3.3772778230472302
2018-03-24,3.798356018059548
2018-03-25,3.816062148094927
2018-03-26,4.317334196449428
2018-03-27,4.735504135490676
2018-03-28,4.082764629628145
2018-03-29,3.2935024763853704
2018-03-30,3.5238463798542545
2018-03-31,3.827254287590869
2018-04-01,3.733176626592875
2018-04-02,4.131145147000998
2018-04-03,4.456876587156408
2018-04-04,3.724688749394558
2018-04-05,2.8707898069720645
2018-04-06,3.0527892985066765
2018-04-07,3.3252567212744437
2018-04-08,3.2183645473176745
2018-04-09,3.6219656612508704
2018-04-10,3.9716945246041364
2018-04-11,3.2813895513472766
2018-04-12,2.486397221889505
2018-04-13,2.7431059217319045
2018-04-14,3.1045347837901103
2018-04-15,3.099013581702466
2018-04-16,3.614302772487282
2018-04-17,4.0837419914551525
2018-04-18,3.518723404376117
2018-04-19,2.8520493115708456
2018-04-20,3.237520829387101
2018-04-21,3.7255817640241613
2018-04-22,3.842052581411541
2018-04-23,4.472302471231484
2018-04-24,5.04744677189426
2018-04-25,4.576865208829577
2018-04-26,3.9915994881458388
2018-04-27,4.4439763330044135
2018-04-28,4.98327946537104
2018-04-29,5.1345049593775745
2018-04-30,5.782547627470201
2018-05-01,6.358405513028951
2018-05-02,5.87169789274767
2018-05-03,5.254055423538043
2018-05-04,5.658728750963463
2018-05-05,6.136239441410868
2018-05-06,6.2131081443996745
2018-05-07,6.776008235953912
2018-05-08,7.257932703440333
2018-05-09,6.670670444762602
2018-05-10,5.948151454213631
2018-05-11,6.246008101419713
2018-05-12,6.617177290724989
2018-05-13,6.590579351297343
2018-05-14,7.055222855118198
2018-05-15,7.446324054958926
2018-05-16,6.7777380166819325
2018-05-17,5.985261773654913
2018-05-18,6.226157504857104
2018-05-19,6.55472124516394
2018-05-20,6.500933613018814
2018-05-21,6.954542290341565
2018-05-22,7.351165377956819
2018-05-23,6.704713017698729
2018-05-24,5.950687805605129
2018-05-25,6.245712070159378
2018-05-26,6.6431074700961785
2018-05-27,6.67156321677518
2018-05-28,7.219242351501744
2018-05-29,7.719914776680855
2018-05-30,7.185413893812131
2018-05-31,6.548976729456367
2018-06-01,6.964814884781164
2018-06-02,7.483740942386757
2018-06-03,7.631885745918879
2018-06-04,8.29485504038658
2018-06-05,8.903913193536914
2018-06-06,8.468489854743815
2018-06-07,7.919568436771222
2018-06-08,8.409302780387348
2018-06-09,8.98668569950985
2018-06-10,9.176303945054116
2018-06-11,9.86252727553659
2018-06-12,10.475718650725572
2018-06-13,10.02476080600115
2018-06-14,9.440457633842211
2018-06-15,9.875156391680648
2018-06-16,10.378414254613025
2018-06-17,10.475743720189834
2018-06-18,11.052784680938093
2018-06-19,11.541490465728959
2018-06-20,10.952623553491938
2018-06-21,10.219119965923685
2018-06-22,10.495669097008982
2018-06-23,10.834333347941937
2018-06-24,10.763243040232087
2018-06-25,11.170715477837764
2018-06-26,11.491386583564605
2018-06-27,10.738651982567108
2018-06-28,9.847977728706725
2018-06-29,9.976428614164814
2018-06-30,10.17823957994787
2018-07-01,9.983466788839355
2018-07-02,10.282068234256545
2018-07-03,10.510003202074394
2018-07-04,9.681648216908917
2018-07-05,8.73309027426052
2018-07-06,8.821645734985118
2018-07-07,9.001430653387686
2018-07-08,8.802019162883994
2018-07-09,9.112539659573486
2018-07-10,9.367797772431251
2018-07-11,8.580723233063225
2018-07-12,7.685700747453417
2018-07-13,7.838132381272661
2018-07-14,8.090056217615356
2018-07-15,7.968856774271444
2018-07-16,8.361415685292188
2018-07-17,8.70029033055941
2018-07-18,7.996216182940361
2018-07-19,7.181491626492878
2018-07-20,7.40959143592383
2018-07-21,7.730832415670558
2018-07-22,7.67112551805252
2018-07-23,8.116161900666077
2018-07-24,8.497619712767468
2018-07-25,7.825686660881164
2018-07-26,7.032456582313563
2018-07-27,7.271545901767297
2018-07-28,7.593753374219413
2018-07-29,7.525797562512485
2018-07-30,7.954479861912517
2018-07-31,8.312860429370923
2018-08-01,7.612742838960009
2018-08-02,6.788026648428895
2018-08-03,6.994274870183719
2018-08-04,7.284321002004165
2018-08-05,7.186951420707523
2018-08-06,7.5910123736776915
2018-08-07,7.931530379882564
2018-08-08,7.222143308953367
2018-08-09,6.3984027254345355
2018-08-10,6.6172958113041425
2018-08-11,6.932812723988853
2018-08-12,6.874596244340411
2018-08-13,7.332023820958829
2018-08-14,7.740311489753636
2018-08-15,7.11293738105362
2018-08-16,6.384945608161131
2018-08-17,6.712478813173388
2018-08-18,7.148364945378781
2018-08-19,7.2207946060711405
2018-08-20,7.817438319591646
2018-08-21,8.371592255685574
2018-08-22,7.894648979278946
2018-08-23,7.319452732824663
2018-08-24,7.799886120285798
2018-08-25,8.38651228114036
2018-08-26,8.605307361856118
2018-08-27,9.341831120801745
2018-08-28,10.027422712676112
2018-08-29,9.671716836118424
2018-08-30,9.206038483168562
2018-08-31,9.78302205572369
2018-09-01,10.45227802823491
2018-09-02,10.739141276956625
2018-09-03,11.528848467852683
2018-09-04,12.252731363366848
2018-09-05,11.920721311342481
2018-09-06,11.464723500351578
2018-09-07,12.038207350516501
2018-09-08,12.691837067158165
2018-09-09,12.95217754780936
2018-09-10,13.705824299099014
2018-09-11,14.385545648081177
2018-09-12,14.002734056720964
2018-09-13,13.490726747289475
2018-09-14,14.004343663586216
2018-09-15,14.595468436252451
2018-09-16,14.791709121167708
2018-09-17,15.480488822654856
2018-09-18,16.09515587441497
2018-09-19,15.647411366885741
2018-09-20,15.070615266622308
2018-09-21,15.519319717067013
2018-09-22,16.044855558121917
2018-09-23,16.174008892008832
2018-09-24,16.793137576368196
2018-09-25,17.334316698603228
2018-09-26,16.80781012389825
2018-09-27,16.14542810554118
2018-09-28,16.500118257075233
2018-09-29,16.92161433379529
2018-09-30,16.93517790159562
2018-10-01,17.425780896651222
2018-10-02,17.82431617476723
2018-10-03,17.140131163293564
2018-10-04,16.304442655380775
2018-10-05,16.469978183191767
2018-10-06,16.686666694551064
2018-10-07,16.48041207882557
2018-10-08,16.7372962511879
2018-10-09,16.889797878555665
2018-10-10,15.949321157945317
2018-10-11,14.849592324531718
2018-10-12,14.746269321106826
2018-10-13,14.692587714249214
2018-10-14,14.218077128437125
2018-10-15,14.21269598583789
2018-10-16,14.112972046075841
2018-10-17,12.934444869690946
2018-10-18,11.614969858771602
2018-10-19,11.314231499139805
2018-10-20,11.089291245247043
2018-10-21,10.47320677964923
2018-10-22,10.359072937557047
2018-10-23,10.186074271256086
2018-10-24,8.971847771016993
2018-10-25,7.655717637372213
2018-10-26,7.398151757846873
2018-10-27,7.256267088760104
2018-10-28,6.762422113591935
2018-10-29,6.808247745260309
2018-10-30,6.8307073267368
2018-10-31,5.844484504594581
2018-11-01,4.78526069245063
2018-11-02,4.80923116067786
2018-11-03,4.968685905463573
2018-11-04,4.790692009825616
2018-11-05,5.1612270236694515
2018-11-06,5.511351835951006
2018-11-07,4.849719340571969
2018-11-08,4.105977905796023
2018-11-09,4.430415806408834
2018-11-10,4.869669793796208
2018-11-11,4.945531510415371
2018-11-12,5.5391983155365425
2018-11-13,6.077554154811061
2018-11-14,5.5657741259215445
2018-11-15,4.9308093594219695
2018-11-16,5.3210963034341745
2018-11-17,5.782311891270901
2018-11-18,5.8362070218977955
2018-11-19,6.36486409832811
2018-11-20,6.796963913586893
2018-11-21,6.140355684724044
2018-11-22,5.325487493553206
2018-11-23,5.505042341690471
2018-11-24,5.729602873147019
2018-11-25,5.52637918831861
2018-11-26,5.783347862198866
2018-11-27,5.935390142183559
2018-11-28,4.996726066127424
2018-11-29,3.9042048834927705
2018-11-30,3.8168002202777327
2018-12-01,3.791136304794801
2018-12-02,3.3600828937322182
2018-12-03,3.416770100354362
2018-12-04,3.4006139876175534
2018-12-05,2.3296522822081887
2018-12-06,1.1437528719348045
2018-12-07,1.0040454153189025
2018-12-08,0.9684038314002494
2018-12-09,0.5700182876076072
2018-12-10,0.7014083699524436
2018-12-11,0.8004682734806803
2018-12-12,-0.11715716195972625
2018-12-13,-1.1148039315253557
2018-12-14,-1.0352790217382237
2018-12-15,-0.8252833944833924
2018-12-16,-0.956731481392838
2018-12-17,-0.5426181292634951
2018-12-18,-0.15084504303144808
2018-12-19,-0.7717109740001176
2018-12-20,-1.4745071997924368
2018-12-21,-1.107872677411664
2018-12-22,-0.6240861971812519
2018-12-23,-0.5002598022053988
2018-12-24,0.14590035538062818
2018-12-25,0.7423758157428724
2018-12-26,0.29542901062283455
2018-12-27,-0.266923211265925
2018-12-28,0.20478593899477904
2018-12-29,0.7572123657297327
2018-12-30,0.9130166353824825
2018-12-31,1.5551020367746649
2019-01-01,2.112860937484991
2019-01-02,1.5947238112269195
2019-01-03,0.931568833238198
2019-01-04,1.2763379332595548
2019-01-05,1.6796830634359532
2019-01-06,1.6686778078583346
2019-01-07,2.1309431249138115
2019-01-08,2.500775828333796
2019-01-09,1.7915771081394567
2019-01-10,0.9391419444685107
2019-01-11,1.1011582163861302
2019-01-12,1.3327420606279574
2019-01-13,1.1650472218537953
2019-01-14,1.4892995552377748
2019-01-15,1.7428473558968998
2019-01-16,0.9415265363612706
2019-01-17,0.02290283797426529
2019-01-18,0.1457407960100534
2019-01-19,0.36552649807191706
2019-01-20,0.21308192262837622
2019-01-21,0.5786216286920682
2019-01-22,0.8978416617527838
2019-01-23,0.18433849371109723
2019-01-24,-0.6270813795346584
2019-01-25,-0.38085334049913655
2019-01-26,-0.025043154395337552
2019-01-27,-0.03263663705105202
2019-01-28,0.48261779024247886
2019-01-29,0.9524009482911024
2019-01-30,0.38634437582383896
2019-01-31,-0.28456048588318783
2019-02-01,0.09168001120955616
2019-02-02,0.5637597827592984
2019-02-03,0.6558602312532429
2019-02-04,1.2518731356756359
2019-02-05,1.781645048284807
2019-02-06,1.253537315180659
2019-02-07,0.5978590578739365
2019-02-08,0.9665181622290522
2019-02-09,1.4087129293564153
2019-02-10,1.4496981834321554
2019-02-11,1.9749731016089713
2019-02-12,2.416477691169836
2019-02-13,1.7850934219186665
2019-02-14,1.0140070056660928
2019-02-15,1.2582842415153381
2019-02-16,1.57047862145627
2019-02-17,1.4793106451173967
2019-02-18,1.8737673211670267
2019-02-19,2.1892109953385943
2019-02-20,1.4397951752182054
2019-02-21,0.5617484003300657
2019-02-22,0.7128749782070312
2019-02-23,0.9480989837493636
2019-02-24,0.7980889354843903
2019-02-25,1.1533138210634588
2019-02-26,1.450120511888616
2019-02-27,0.703130825205248
2019-02-28,-0.15148045037509927
2019-03-01,0.04352220075951596
2019-03-02,0.3419985358635431
2019-03-03,0.2730885733628714
2019-03-04,0.7253108442763327
2019-03-05,1.1326917210474372
2019-03-06,0.5072226725467219
2019-03-07,-0.21779482495453717
2019-03-08,0.11183032518632086
2019-03-09,0.5468173732435737
2019-03-10,0.6131460677846841
2019-03-11,1.1962306857016891
2019-03-12,1.7271227867391326
2019-03-13,1.2150378242044697
2019-03-14,0.5907637535958967
2019-03-15,1.0062972616242174
2019-03-16,1.5105306057905143
2019-03-17,1.6280229480905613
2019-03-18,2.243203289538525
2019-03-19,2.7865915304643813
2019-03-20,2.26733253428406
2019-03-21,1.6166013427854455
2019-03-22,1.9872254262059408
2019-03-23,2.4293474617468984
2019-03-24,2.4691632528458354
2019-03-25,2.9930828277401496
2019-03-26,3.43390235075619
2019-03-27,2.8032829790675837
2019-03-28,2.035096182056264
2019-03-29,2.284982855216014
2019-03-30,2.606661785619134
2019-03-31,2.5284707300538662
2019-04-01,2.939595325822435
2019-04-02,3.275469178673942
2019-04-03,2.550195440504495
2019-04-04,1.69984003291921
2019-04-05,1.8819449161083663
2019-04-06,2.151087294835778
2019-04-07,2.0375216024567635
2019-04-08,2.4312543141702094
2019-04-09,2.768140979837238
2019-04-10,2.062303076939096
2019-04-11,1.2494253540399933
2019-04-12,1.4862818172874457
2019-04-13,1.8263158245706443
2019-04-14,1.7983105348599238
2019-04-15,2.2904990215647785
2019-04-16,2.736702568666945
2019-04-17,2.1487937714131227
2019-04-18,1.4600440494393783
2019-04-19,1.8247026031473799
2019-04-20,2.2936311219254932
2019-04-21,2.3930293262214497
2019-04-22,3.008599501430039
2019-04-23,3.5717374291721535
2019-04-24,3.092045283748586
2019-04-25,2.500725126479617
2019-04-26,2.9501991496826365
2019-04-27,3.489780210939156
2019-04-28,3.6444270949942394
2019-04-29,4.298932149393723
2019-04-30,4.884128326964158
2019-05-01,4.409410973757717
2019-05-02,3.8061329101402777
2019-05-03,4.227219014434224
2019-05-04,4.722824045778748
2019-05-05,4.819068471376218
2019-05-06,5.402200395226067
2019-05-07,5.904771184941732
2019-05-08,5.338120798999789
2019-05-09,4.635732112372267
2019-05-10,4.95280127193229
2019-05-11,5.34184869632981
2019-05-12,5.3314064032203685
2019-05-13,5.810130701756695
2019-05-14,6.21292879411875
2019-05-15,5.553396225311738
2019-05-16,4.767125389646241
2019-05-17,5.011232993733407
2019-05-18,5.339931902118203
2019-05-19,5.283183789406562
2019-05-20,5.730782294265104
2019-05-21,6.118455782060596
2019-05-22,5.460287113938692
2019-05-23,4.692010976807745
2019-05-24,4.97053690118085
2019-05-25,5.349523496710423
2019-05-26,5.358040306979382
2019-05-27,5.884666830149193
2019-05-28,6.363617538531473
2019-05-29,5.8071898999389715
2019-05-30,5.149095444903088
2019-05-31,5.544021388746207
2019-06-01,6.043247622763697
2019-06-02,6.173354674555886
2019-06-03,6.820371310432062
2019-06-04,7.4159496821680735
2019-06-05,6.969864049817387
2019-06-06,6.413392130853886
2019-06-07,6.898925586910048
2019-06-08,7.475633479839134
2019-06-09,7.668213349414006
2019-06-10,8.361077691816055
2019-06-11,8.984562920254218
2019-06-12,8.547456109108833
2019-06-13,7.980397948735455
2019-06-14,8.435507921014384
2019-06-15,8.96205516089459
2019-06-16,9.085209434753642
2019-06-17,9.690219945701195
2019-06-18,10.208609135233985
2019-06-19,9.650677029010243
2019-06-20,8.948874956545756
2019-06-21,9.25739520834928
2019-06-22,9.627800791054556
2019-06-23,9.587730536147635
2019-06-24,10.025028211330529
2019-06-25,10.37388383837479
2019-06-26,9.64728387429843
2019-06-27,8.780330245989326
2019-06-28,8.929775988463177
2019-06-29,9.149602833980405
2019-06-30,8.96967716759224
2019-07-01,9.27983410450637
2019-07-02,9.515978919598584
2019-07-03,8.692503407656368
2019-07-04,7.747089815291998
2019-07-05,7.835691455733656
2019-07-06,8.012634402690232
2019-07-07,7.807758409961583
2019-07-08,8.110506207535899
2019-07-09,8.356038463534208
2019-07-10,7.557671710713359
2019-07-11,6.650199549861064
2019-07-12,6.78944487079077
2019-07-13,7.027868092992893
2019-07-14,6.893267164251936
2019-07-15,7.272918075316645
2019-07-16,7.599743823390103
2019-07-17,6.884807832651354
2019-07-18,6.060690807371559
2019-07-19,6.281097407609301
2019-07-20,6.596516418215552
2019-07-21,6.532968870616405
2019-07-22,6.976191681710381
2019-07-23,7.35784366458212
2019-07-24,6.688028985231717
2019-07-25,5.898696275820616
2019-07-26,6.143259219412527
2019-07-27,6.472261908296407
2019-07-28,6.412123284594983
2019-07-29,6.849308300319188
2019-07-30,7.216512948332416
2019-07-31,6.525158753383238
2019-08-01,5.708755655669178
2019-08-02,5.922480013871428
2019-08-03,6.218792109843815
2019-08-04,6.126128685127486
2019-08-05,6.5330194786765805
2019-08-06,6.874216326343938
2019-08-07,6.163131860889766
2019-08-08,5.335148197367477
2019-08-09,5.54714374774752
2019-08-10,5.853063890833653
2019-08-11,5.782572262160379
2019-08-12,6.225132725100609
2019-08-13,6.616111502613395
2019-08-14,5.969197228766408
2019-08-15,5.219699805944125
2019-08-16,5.524076478629353
2019-08-17,5.935510873784752
2019-08-18,5.9825815515131495
2019-08-19,6.553369665330333
2019-08-20,7.081594519868355
2019-08-21,6.579073881032809
2019-08-22,5.979068831337247
2019-08-23,6.43586032759493
2019-08-24,7.00038183030621
2019-08-25,7.198943077838729
2019-08-26,7.917393084287546
2019-08-27,8.587309620366094
2019-08-28,8.218510538215924
2019-08-29,7.742445314922833
2019-08-30,8.311812670443677
2019-08-31,8.976227481472595
2019-09-01,9.260971103757848
2019-09-02,10.051172436891214
2019-09-03,10.778006484572877
2019-09-04,10.451205519888942
2019-09-05,10.002441243330091
2019-09-06,10.584924068722536
2019-09-07,11.24904329903988
2019-09-08,11.521083093442993
2019-09-09,12.287362576630336
2019-09-10,12.980388062365437
2019-09-11,12.61131388855295
2019-09-12,12.113271770657343
2019-09-13,12.640916416795134
2019-09-14,13.24601281863967
2019-09-15,13.456101768579185
2019-09-16,14.158593552713509
2019-09-17,14.786879292597497
2019-09-18,14.352757791910964
2019-09-19,13.789738970089866
2019-09-20,14.252572580945719
2019-09-21,14.792828333570448
2019-09-22,14.93756439283733
2019-09-23,15.573434342632375
2019-09-24,16.132821915737964
2019-09-25,15.626300874247498
2019-09-26,14.985980354627886
2019-09-27,15.365083328180969
2019-09-28,15.813582991809092
2019-09-29,15.856932540756581
2019-09-30,16.380236696410567
2019-10-01,16.814452443020627
2019-10-02,16.168914416582577
2019-10-03,15.3747432814119
2019-10-04,15.584482783489388
2019-10-05,15.847788405889506
2019-10-06,15.690201315089805
2019-10-07,15.99735438672936
2019-10-08,16.201196406762328
2019-10-09,15.31414452966353
2019-10-10,14.267643910139734
2019-10-11,14.216637019552753
2019-10-12,14.213608205337355
2019-10-13,13.78731608713365
2019-10-14,13.826945485986121
2019-10-15,13.76826597446069
2019-10-16,12.626092732544738
2019-10-17,11.337608902398781
2019-10-18,11.061896596033433
2019-10-19,10.855501529117724
2019-10-20,10.251067559211421
2019-10-21,10.141390992085606
2019-10-22,9.965484242212014
2019-10-23,8.740947024488431
2019-10-24,7.4072066911037355
2019-10-25,7.124977152822265
2019-10-26,6.951763445216972
2019-10-27,6.42045004996564
2019-10-28,6.423324358782455
2019-10-29,6.398126037201321
2019-10-30,5.360421246887324
2019-10-31,4.246863705555468
2019-11-01,4.21469195551186
2019-11-02,4.317289394037885
2019-11-03,4.08284423450824
2019-11-04,4.398459427367614
2019-11-05,4.696301549860739
2019-11-06,3.986085522832141
2019-11-07,3.1984547284909834
2019-11-08,3.484603245746907
2019-11-09,3.8919639154163748
2019-11-10,3.942996444674935
2019-11-11,4.519422573974991
2019-11-12,5.04849433662159
2019-11-13,4.535589392081604
2019-11-14,3.9076903032524974
2019-11-15,4.313092012907502
2019-11-16,4.797159075647481
2019-11-17,4.881165060397015
2019-11-18,5.446559761499855
2019-11-19,5.921249310444962
2019-11-20,5.312182705026924
2019-11-21,4.5488016510935
2019-11-22,4.782698489527823
2019-11-23,5.063304765606687
2019-11-24,4.916644319065843
2019-11-25,5.229498425831969
2019-11-26,5.435570362595147
2019-11-27,4.547945522940218
2019-11-28,3.5024068631397096
2019-11-29,3.4569535352796352
2019-11-30,3.4673484779984327
2019-12-01,3.065732106732736
2019-12-02,3.1446528694327505
2019-12-03,3.1431051668302565
2019-12-04,2.0788737105905057
2019-12-05,0.8917467870669338
2019-12-06,0.7429486534445351
2019-12-07,0.690618827240904
2019-12-08,0.26837697505781755
2019-12-09,0.3693252657681523
2019-12-10,0.4320792951757708
2019-12-11,-0.5268732421854088
2019-12-12,-1.5699240716253229
2019-12-13,-1.5388567226004026
2019-12-14,-1.3792933941070915
2019-12-15,-1.562039411077567
2019-12-16,-1.1989756168552157
2019-12-17,-0.8569101443616738
2019-12-18,-1.5250932162973987
2019-12-19,-2.2718359444911105
2019-12-20,-1.944886968424143
2019-12-21,-1.4957437673276743
2019-12-22,-1.4008649507076152
2019-12-23,-0.7774369654775022
2019-12-24,-0.19710957879055258
2019-12-25,-0.653406456777696
2019-12-26,-1.2182541689439823
2019-12-27,-0.7422854521378168
2019-12-28,-0.17909515039503265
2019-12-29,-0.006416269882043579
2019-12-30,0.6581297505852799
2019-12-31,1.243294016550096
2020-01-01,0.7567663893867254
2020-01-02,0.12860438303390875
2020-01-03,0.5108701426821733
2020-01-04,0.953298735729124
2020-01-05,0.9820323339784105
2020-01-06,1.483768523394422
2020-01-07,1.8919107993026771
2020-01-08,1.2190180203358936
2020-01-09,0.400113179277775
2020-01-10,0.592199842985023
2020-01-11,0.8498124218797747
2020-01-12,0.703637680818507
2020-01-13,1.044558394369476
2020-01-14,1.3106686582855045
2020-01-15,0.5167646917102049
2020-01-16,-0.399536525666905
2020-01-17,-0.2792911714604607
2020-01-18,-0.06671278207422571
2020-01-19,-0.23056774939272628
2020-01-20,0.11986894533264181
2020-01-21,0.4208879727042092
2020-01-22,-0.3132519130057645
2020-01-23,-1.14703219009081
2020-01-24,-0.9241453249986282
2020-01-25,-0.5919025865256371
2020-01-26,-0.6225429932913551
2020-01-27,-0.12909463891046613
2020-01-28,0.3207993536333422
2020-01-29,-0.2626140976272966
2020-01-30,-0.9478034711363286
2020-01-31,-0.5823228397993185
2020-02-01,-0.11712391383404785
2020-02-02,-0.027776312194683683
2020-02-03,0.5697505957106941
2020-02-04,1.1053301897849055
2020-02-05,0.5872395605157417
2020-02-06,-0.05440379836736131
2020-02-07,0.33201534510508157
2020-02-08,0.795310394311417
2020-02-09,0.8602699939370222
2020-02-10,1.4118586953240646
2020-02-11,1.8814277941263025
2020-02-12,1.2792314676959853
2020-02-13,0.5378068011347139
2020-02-14,0.8115642058178674
2020-02-15,1.1524125087168176
2020-02-16,1.0884542539996245
2020-02-17,1.5081003061623894
2020-02-18,1.846192534548476
2020-02-19,1.1164319260805122
2020-02-20,0.25467289551215444
2020-02-21,0.4184323848441034
2020-02-22,0.6624399752713268
2020-02-23,0.5172663095706493
2020-02-24,0.873380441766999
2020-02-25,1.1672261588557231
2020-02-26,0.41361559697953165
2020-02-27,-0.4509984113661538
2020-02-28,-0.26902231944725585
2020-02-29,0.013832071643388844
2020-03-01,-0.07280752204446284
2020-03-02,0.36011194684087133
2020-03-03,0.7471847867225039
2020-03-04,0.1009897997819964
2020-03-05,-0.6445791051263612
2020-03-06,-0.3347475254301875
2020-03-07,0.08176415443108986
2020-03-08,0.13146002924629485
2020-03-09,0.7002306602470814
2020-03-10,1.2195450920568183
2020-03-11,0.6989682644466066
2020-03-12,0.06956215304524616
2020-03-13,0.48351640898340964
2020-03-14,0.9898315878702642
2020-03-15,1.113088903232657
2020-03-16,1.7376536136923502
2020-03-17,2.2938985237877954
2020-03-18,1.7907423852175235
2020-03-19,1.1590612133137164
2020-03-20,1.5513182302592194
2020-03-21,2.0172357235732967
2020-03-22,2.082543199122449
2020-03-23,2.6331496123761124
2020-03-24,3.1013270411359537
2020-03-25,2.498201653566617
2020-03-26,1.7571112076547934
2020-03-27,2.033176137475822
2020-03-28,2.3789089466803186
2020-03-29,2.322897773741994
2020-03-30,2.7539134152999076
2020-03-31,3.1070286562436302
2020-04-01,2.39604719486702
2020-04-02,1.5568027514271994
2020-04-03,1.7466766567713488
2020-04-04,2.0201597465897594
2020-04-05,1.9074953733846614
2020-04-06,2.2987535952735505
2020-04-07,2.6299259756043054
2020-04-08,1.915338671407929
2020-04-09,1.0909445896274361
2020-04-10,1.3138429003342886
2020-04-11,1.637851532406692
2020-04-12,1.5921690804319892
2020-04-13,2.0654756286434837
2020-04-14,2.492061218967705
2020-04-15,1.8842787999593211
2020-04-16,1.1758814814092675
2020-04-17,1.5215913400092513
2020-04-18,1.9727242923226633
2020-04-19,2.0561720289839474
2020-04-20,2.657760775664749
2020-04-21,3.2092316008231974
2020-04-22,2.7204808326344097
2020-04-23,2.122947914030162
2020-04-24,2.5692312296452857
2020-04-25,3.1087555163614264
2020-04-26,3.2665253394150575
2020-04-27,3.9273122979522697
2020-04-28,4.521862984603265
2020-04-29,4.059423003324437
2020-04-30,3.4711355344663093
2020-05-01,3.909660574749717
2020-05-02,4.424838486209029
2020-05-03,4.542432497910677
2020-05-04,5.14829812005326
2020-05-05,5.674566916058614
2020-05-06,5.132140473413646
2020-05-07,4.454053702095913
2020-05-08,4.795054318255802
2020-05-09,5.207222952726492
2020-05-10,5.218669393676178
2020-05-11,5.717653832355188
2020-05-12,6.138721494171389
2020-05-13,5.4951474429975455
2020-05-14,4.72225162850114
2020-05-15,4.976931952834043
2020-05-16,5.31324067643946
2020-05-17,5.261040499521071
2020-05-18,5.710089947781046
2020-05-19,6.096147124216102
2020-05-20,5.433389202384094
2020-05-21,4.657708216543431
2020-05-22,4.926231299737088
2020-05-23,5.292890947018039
2020-05-24,5.28708177519804
2020-05-25,5.7977534170781535
2020-05-26,6.259528494716596
2020-05-27,5.685142804438775
2020-05-28,5.008767903867135
2020-05-29,5.385563769874585
2020-05-30,5.867286512778502
2020-05-31,5.980986925850298
2020-06-01,6.613148726980893
2020-06-02,7.195854579939978
2020-06-03,6.739276109985745
2020-06-04,6.175047141380176
2020-06-05,6.655866835863655
2020-06-06,7.231156718862067
2020-06-07,7.4258063843736455
2020-06-08,8.124355777094804
2020-06-09,8.757201230209517
2020-06-10,8.333120632719876
2020-06-11,7.782676199299505
2020-06-12,8.257840870325353
2020-06-13,8.80767179592603
2020-06-14,8.95706529376895
2020-06-15,9.590940920576033
2020-06-16,10.140441728106921
2020-06-17,9.615446126064853
2020-06-18,8.947950031712885
2020-06-19,9.291665697852904
2020-06-20,9.697661189469848
2020-06-21,9.693075559596508
2020-06-22,10.165258158138466
2020-06-23,10.547920056415185
2020-06-24,9.853594022279797
2020-06-25,9.016962818147128
2020-06-26,9.194403363353313
2020-06-27,9.439571913674623
2020-06-28,9.282066497701672
2020-06-29,9.611516213011193
2020-06-30,9.863686487119658
2020-07-01,9.052897786938066
2020-07-02,8.115318499198404
2020-07-03,8.20848035125928
2020-07-04,8.386842209411473
2020-07-05,8.180439017234656
2020-07-06,8.47896582308132
2020-07-07,8.71788616055175
2020-07-08,7.910862230555036
2020-07-09,6.993067376400971
2020-07-10,7.120728796889805
2020-07-11,7.346725724298322
2020-07-12,7.19927904577033
2020-07-13,7.566081375940273
2020-07-14,7.8804557669722435
2020-07-15,7.153839314909771
2020-07-16,6.319150879732329
2020-07-17,6.530389535873455
2020-07-18,6.838287629828686
2020-07-19,6.769053083964607
2020-07-20,7.208548659403573
2020-07-21,7.5884951461062835
2020-07-22,6.918993629352726
2020-07-23,6.131925077452273
2020-07-24,6.380573058101754
2020-07-25,6.715293615476533
2020-07-26,6.662262626540489
2020-07-27,7.1076559418908065
2020-07-28,7.4838414974343195
2020-07-29,6.80188268644106
2020-07-30,5.99491091820647
2020-07-31,6.217713842302121
2020-08-01,6.522363357001888
2020-08-02,6.436918660024255
2020-08-03,6.849553037196745
2020-08-04,7.194692681516428
2020-08-05,6.485464326062587
2020-08-06,5.657011839812844
2020-08-07,5.866029720618856
2020-08-08,6.16633903332402
2020-08-09,6.08754241670713
2020-08-10,6.519108120019636
2020-08-11,6.896472492045127
2020-08-12,6.23345867087868
2020-08-13,5.465572395592624
2020-08-14,5.749523431587122
2020-08-15,6.13879848421022
2020-08-16,6.162322309494296
2020-08-17,6.70855682293077
2020-08-18,7.211627226696109
2020-08-19,6.6837722680075915
2020-08-20,6.05867869681188
2020-08-21,6.491047366177302
2020-08-22,7.0322156334763815
2020-08-23,7.208871418877727
2020-08-24,7.907207270298816
2020-08-25,8.55910194342757
2020-08-26,8.17462507897889
2020-08-27,7.685423538804845
2020-08-28,8.244335403300598
2020-08-29,8.901054954023905
2020-08-30,9.180882808508345
2020-08-31,9.968908546127594
2020-09-01,10.696212532466948
2020-09-02,10.372381956587617
2020-09-03,9.928899326529708
2020-09-04,10.51874937189381
2020-09-05,11.192067890448996
2020-09-06,11.474867181877018
2020-09-07,12.253186135817538
2020-09-08,12.95925264394441
2020-09-09,12.603954521703052
2020-09-10,12.120178533981889
2020-09-11,12.662364963688947
2020-09-12,13.282102850087355
2020-09-13,13.506802185624629
2020-09-14,14.223792792690231
2020-09-15,14.866439165653471
2020-09-16,14.446568993464005
2020-09-17,13.897776355589047
2020-09-18,14.374948254921934
2020-09-19,14.92984062761004
2020-09-20,15.089740887102579
2020-09-21,15.741567221709154
2020-09-22,16.31799413909678
2020-09-23,15.829901880061925
2020-09-24,15.209710297452627
2020-09-25,15.610945168715482
2020-09-26,16.083862102602126
2020-09-27,16.154163855961595
2020-09-28,16.707159806810964
2020-09-29,17.173955409079678
2020-09-30,16.563967431942324
2020-10-01,15.808323656730245
2020-10-02,16.059493025747386
2020-10-03,16.366969432411818
2020-10-04,16.25604305591743
2020-10-05,16.61200618700213
2020-10-06,16.866379736490067
2020-10-07,16.029454810690122
2020-10-08,15.033706866967094
2020-10-09,15.033427581126395
2020-10-10,15.080397080956496
2020-10-11,14.702630263755534
2020-10-12,14.788544321936964
2020-10-13,14.773134212321233
2020-10-14,13.670451357219935
2020-10-15,12.416944338596918
2020-10-16,12.171008283375365
2020-10-17,11.988567444058331
2020-10-18,11.401726783315564
2020-10-19,11.302841967855173
2020-10-20,11.130596923057418
2020-10-21,9.902386726134537
2020-10-22,8.557567098887349
2020-10-23,8.256919642944155
2020-10-24,8.05815964666565
2020-10-25,7.494524414794938
2020-10-26,7.458793427023105
2020-10-27,7.3893310823121405
2020-10-28,6.302451069904104
2020-10-29,5.13566450997725
2020-10-30,5.047161479023441
2020-10-31,5.091352785582562
2020-11-01,4.797509559109006
2020-11-02,5.053851114942944
2020-11-03,5.293670600633208
2020-11-04,4.527795809537001
2020-11-05,3.687945288325716
2020-11-06,3.9263270185505452
2020-11-07,4.291303944931158
2020-11-08,4.306161103251581
2020-11-09,4.853321883722944
2020-11-10,5.360599929181438
2020-11-11,4.833781062516946
2020-11-12,4.200092460480724
2020-11-13,4.607903600346307
2020-11-14,5.102480723991171
2020-11-15,5.20482733434406
2020-11-16,5.795956370544719
2020-11-17,6.303179069740992
2020-11-18,5.732703857075714
2020-11-19,5.013101896311493
2020-11-20,5.294983729532223
2020-11-21,5.62670914498953
2020-11-22,5.533163669672544
2020-11-23,5.899948683148351
2020-11-24,6.159571949808672
2020-11-25,5.323934098279398
2020-11-26,4.32767021468249
2020-11-27,4.327693799535274
2020-11-28,4.378768268692886
2020-11-29,4.01214258316119
2020-11-30,4.119601262652919
2020-12-01,4.139518829621924
2020-12-02,3.089217374458846
2020-12-03,1.9081894059015299
2020-12-04,1.7575359962377464
2020-12-05,1.6954478566901448
2020-12-06,1.25576801801117
2020-12-07,1.331988045882781
2020-12-08,1.363269056144044
2020-12-09,0.36678695316598287
2020-12-10,-0.7190357151414899
2020-12-11,-0.7350615550094206
2020-12-12,-0.6259069213268926
2020-12-13,-0.8613098945647231
2020-12-14,-0.5520474202948025
2020-12-15,-0.26381246270073166
2020-12-16,-0.9847542192006857
2020-12-17,-1.7821217659076574
2020-12-18,-1.5026643910686461
2020-12-19,-1.0969648994227859
2020-12-20,-1.0406716859070624
2020-12-21,-0.4502825671871813
2020-12-22,0.103105651869285
2020-12-23,-0.3736241377660825
2020-12-24,-0.9521455222147424
2020-12-25,-0.4829952944755824
2020-12-26,0.0801708859719561
2020-12-27,0.25940641662392583
2020-12-28,0.936731021000841
2020-12-29,1.5404026042303407
2020-12-30,1.0774973811650952
2020-12-31,0.4773553560782702
2021-01-01,0.8912361179719195
2021-01-02,1.3680076994659718
2021-01-03,1.4329025584733435
2021-01-04,1.971688375185741
2021-01-05,2.416841167877836
2021-01-06,1.780016949823859
2021-01-07,0.9953817512990337
2021-01-08,1.2191478546720802
2021-01-09,1.505141940777036
2021-01-10,1.3834421492196771
2021-01-11,1.7444346088812068
2021-01-12,2.0248796565742833
2021-01-13,1.2402864658134787
2021-01-14,0.3281581353504288
2021-01-15,0.44745698510571064
2021-01-16,0.6541172883916291
2021-01-17,0.4796435712419811
2021-01-18,0.8151457377416111
2021-01-19,1.0974015044274372
2021-01-20,0.341244692176069
2021-01-21,-0.5171591769467794
2021-01-22,-0.32080124048135605
2021-01-23,-0.016255772923178924
2021-01-24,-0.07500837463442789
2021-01-25,0.3906633704315441
2021-01-26,0.8138449987058323
2021-01-27,0.20547215182210987
2021-01-28,-0.50229165348967
2021-01-29,-0.15644032496865723
2021-01-30,0.29254970161564486
2021-01-31,0.36948846502213595
2021-02-01,0.9586824764825348
2021-02-02,1.4901717884152355
2021-02-03,0.9722883469858843
2021-02-04,0.3350929222463179
2021-02-05,0.7300354638673774
2021-02-06,1.2056612457199316
2021-02-07,1.2863961282907797
2021-02-08,1.8567576680665399
2021-02-09,2.3475783534530823
2021-02-10,1.7685357559955688
2021-02-11,1.0515478123600444
2021-02-12,1.3503793426622392
2021-02-13,1.7162836704854358
2021-02-14,1.6767144693100287
2021-02-15,2.1194565140200186
2021-02-16,2.4787637234383646
2021-02-17,1.7678014727536269
2021-02-18,0.921953611854641
2021-02-19,1.0983424904019525
2021-02-20,1.35138797083916
2021-02-21,1.211442539227587
2021-02-22,1.5688530002249506
2021-02-23,1.8600387303570503
2021-02-24,1.099884801837324
2021-02-25,0.22501146293809882
2021-02-26,0.39326902142170717
2021-02-27,0.659284540661913
2021-02-28,0.5530975646464453
2021-03-01,0.9642351455581091
2021-03-02,1.3278156277518658
2021-03-03,0.6569786906161834
2021-03-04,-0.11379793736423949
2021-03-05,0.17085264653911025
2021-03-06,0.5627969623197231
2021-03-07,0.5891064653789506
2021-03-08,1.1362062422692736
2021-03-09,1.6360546993439131
2021-03-10,1.098649887236884
2021-03-11,0.4554210382658459
2021-03-12,0.8588512897368741
2021-03-13,1.3581548426567176
2021-03-14,1.4780426031188973
2021-03-15,2.1029234794826657
2021-03-16,2.6631278300171566
2021-03-17,2.167447814477642
2021-03-18,1.546552584706875
2021-03-19,1.9526239028128143
2021-03-20,2.435035312790355
2021-03-21,2.519109047679298
2021-03-22,3.090298229251949
2021-03-23,3.580381473549776
2021-03-24,2.999965489065315
2021-03-25,2.2818546264246815
2021-03-26,2.5806341537354536
2021-03-27,2.9482916998182813
2021-03-28,2.912912460641276
2021-03-29,3.362797201122421
2021-03-30,3.732591667272599
2021-03-31,3.035724488397434
2021-04-01,2.2077139784578828
2021-04-02,2.4056919863535855
2021-04-03,2.6839705088971257
2021-04-04,2.572687803073029
2021-04-05,2.9618840185661726
2021-04-06,3.2875957832943756
2021-04-07,2.5642674548625557
2021-04-08,1.7280398861105217
2021-04-09,1.936265094989381
2021-04-10,2.243072594279952
2021-04-11,2.178023965027791
2021-04-12,2.630205356120963
2021-04-13,3.0343468304911303
2021-04-14,2.4032656006462902
2021-04-15,1.6711931921158838
2021-04-16,1.993333996986479
2021-04-17,2.4214799494212276
2021-04-18,2.4827168118097336
2021-04-19,3.063570611981029
2021-04-20,3.5961819881317076
2021-04-21,3.0908043230267213
2021-04-22,2.479184571205703
2021-04-23,2.9141731552321457
2021-04-24,3.445386645970518
2021-04-25,3.5979577864000607
2021-04-26,4.256720574194362
2021-04-27,4.852417452059305
2021-04-28,4.394223908110176
2021-04-29,3.8131489472207587
2021-04-30,4.261657508233913
2021-05-01,4.789338385009457
2021-05-02,4.921652197463725
2021-05-03,5.544107255355323
2021-05-04,6.088450626687339
2021-05-05,5.565170103641176
2021-05-06,4.90686603561385
2021-05-07,5.267839719573291
2021-05-08,5.699722614369961
2021-05-09,5.7301817133258535
2021-05-10,6.24704976977904
2021-05-11,6.684468587511038
2021-05-12,6.055341999935123
2021-05-13,5.2946584544600475
2021-05-14,5.559030835556248
2021-05-15,5.902278719239986
2021-05-16,5.854089284545897
2021-05-17,6.304106418404251
2021-05-18,6.688037003654881
2021-05-19,6.020071715114775
2021-05-20,5.2361808509840495
2021-05-21,5.493633345714776
2021-05-22,5.846564559943484
2021-05-23,5.824629360364853
2021-05-24,6.317090191873665
2021-05-25,6.758929172554875
2021-05-26,6.163281450883906
2021-05-27,5.464750140801603
2021-05-28,5.8189506459677025
2021-05-29,6.278109515134232
2021-05-30,6.369753776381854
2021-05-31,6.980839784305949
2021-06-01,7.54390985063869
2021-06-02,7.069573058258502
2021-06-03,6.48986967000696
2021-06-04,6.957865990501571
2021-06-05,7.523303838122605
2021-06-06,7.711339576768093
2021-06-07,8.40672074890068
2021-06-08,9.039987612843634
2021-06-09,8.61999506111244
2021-06-10,8.07731347156691
2021-06-11,8.563854571771737
2021-06-12,9.128545795083099
2021-06-13,9.29608751413382
2021-06-14,9.951140757994912
2021-06-15,10.52453242082845
2021-06-16,10.02577329284696
2021-06-17,9.386447474478256
2021-06-18,9.759819421396474
2021-06-19,10.196482423965046
2021-06-20,10.223083385638546
2021-06-21,10.726472132400687
2021-06-22,11.13986302275448
2021-06-23,10.475305073099882
2021-06-24,9.667020148538574
2021-06-25,9.87095654129358
2021-06-26,10.140382878031934
2021-06-27,10.004558397340816
2021-06-28,10.35282901940166
2021-06-29,10.620738154140362
2021-06-30,9.822449599079139
2021-07-01,8.894043146671423
2021-07-02,8.993031200322822
2021-07-03,9.173922201027587
2021-07-04,8.96686762795946
2021-07-05,9.261742559757614
2021-07-06,9.494249134290913
2021-07-07,8.678340464628496
2021-07-08,7.749525644729718
2021-07-09,7.864403961935173
2021-07-10,8.076253741603796
2021-07-11,7.913712022510847
2021-07-12,8.264894307739638
2021-07-13,8.563542825160132
2021-07-14,7.821499809474517
2021-07-15,6.972065275137011
2021-07-16,7.16958614160807
2021-07-17,7.465100818579987
2021-07-18,7.3850741020005035
2021-07-19,7.815570280403987
2021-07-20,8.188451576437753
2021-07-21,7.513897195266997
2021-07-22,6.723801309627066
2021-07-23,6.971395833510915
2021-07-24,7.306921239765923
2021-07-25,7.2563796000126475
2021-07-26,7.70571727281877
2021-07-27,8.087024104243632
2021-07-28,7.411044373072651
2021-07-29,6.610557995643383
2021-07-30,6.8399782491619465
2021-07-31,7.150989889050383
2021-08-01,7.071262658070863
2021-08-02,7.488588612329465
2021-08-03,7.837031282571131
2021-08-04,7.129383184060105
2021-08-05,6.3004915649502715
2021-08-06,6.506800086087781
2021-08-07,6.801931763519371
2021-08-08,6.715349610916341
2021-08-09,7.136444792011111
2021-08-10,7.500641595047564
2021-08-11,6.821816909715395
2021-08-12,6.035595105350146
2021-08-13,6.298866825851495
2021-08-14,6.665357645587492
2021-08-15,6.664283408987067
2021-08-16,7.184442210597188
2021-08-17,7.660332226593842
2021-08-18,7.104592740532986
2021-08-19,6.4513286788269735
2021-08-20,6.85566637343876
2021-08-21,7.369365493543387
2021-08-22,7.519522791640114
2021-08-23,8.192716298704141
2021-08-24,8.821177751276961
2021-08-25,8.41528908791057
2021-08-26,7.906961805408511
2021-08-27,8.449245373402032
2021-08-28,9.091988188318872
2021-08-29,9.360585347614997
2021-08-30,10.140160649778277
2021-08-31,10.861769544941101
2021-09-01,10.534918017504854
2021-09-02,10.090955563205444
2021-09-03,10.682688078635742
2021-09-04,11.36003402439567
2021-09-05,11.648758289114124
2021-09-06,12.434631570962278
2021-09-07,13.149602668190695
2021-09-08,12.804279565934962
2021-09-09,12.331278603466314
2021-09-10,12.884788847605211
2021-09-11,13.516176491992645
2021-09-12,13.752665278544438
2021-09-13,14.48144239364199
2021-09-14,15.135778887183445
2021-09-15,14.72746213148135
2021-09-16,14.190101159676885
2021-09-17,14.678653444761796
2021-09-18,15.244999210837252
2021-09-19,15.416600342144955
2021-09-20,16.080594174924954
2021-09-21,16.669911787788003
2021-09-22,16.195718589504853
2021-09-23,15.59073802675314
2021-09-24,16.008806651911854
2021-09-25,16.50048602079406
2021-09-26,16.59176757586073
2021-09-27,17.16821962149773
2021-09-28,17.661164588652717
2021-09-29,17.080182764648654
2021-09-30,16.356501524750904
2021-10-01,16.642616403825187
2021-10-02,16.987967511636462
2021-10-03,16.917705470248606
2021-10-04,17.316894047609882
2021-10-05,17.6167358516979
2021-10-06,16.827115581060706
2021-10-07,15.880018391434024
2021-10-08,15.929168488454879
2021-10-09,16.025710509979373
2021-10-10,15.696967256990101
2021-10-11,15.83062067286074
2021-10-12,15.86090252138441
2021-10-13,14.801089711942822
2021-10-14,13.586862646647056
2021-10-15,13.37587286348786
2021-10-16,13.223344028698541
2021-10-17,12.66074162006381
2021-10-18,12.5798602358959
2021-10-19,12.418917218793919
2021-10-20,11.194949930291447
2021-10-21,9.847077528326366
2021-10-22,9.535976024881482
2021-10-23,9.319393141712702
2021-10-24,8.730740666818932
2021-10-25,8.663115440185205
2021-10-26,8.555339624410061
2021-10-27,7.424319280295558
2021-10-28,6.208283451960508
2021-10-29,6.066253519233107
2021-10-30,6.053569911378819
2021-10-31,5.700514034690314
2021-11-01,5.896376254720775
2021-11-02,6.0755598631499
2021-11-03,5.250018896746434
2021-11-04,4.352590455522694
2021-11-05,4.5365693481464895
2021-11-06,4.851349899460182
2021-11-07,4.821170235388412
2021-11-08,5.329307130153062
2021-11-09,5.804308436775856
2021-11-10,5.252557976464176
2021-11-11,4.601730532359946
2021-11-12,5.000481838630791
2021-11-13,5.494195600326722
2021-11-14,5.603820268611442
2021-11-15,6.2101413400124255
2021-11-16,6.740074219046914
2021-11-17,6.199270924678173
2021-11-18,5.515597120395067
2021-11-19,5.838823654967788
2021-11-20,6.2163544285141725
2021-11-21,6.172023579989972
2021-11-22,6.590308525769485
2021-11-23,6.902545124107064
2021-11-24,6.119439928794149
2021-11-25,5.174438103938338
2021-11-26,5.2232936396514305
2021-11-27,5.319666438956488
2021-11-28,4.993782264930034
2021-11-29,5.136505236428091
2021-11-30,5.185412395291932
2021-12-01,4.157168567601351
2021-12-02,2.9907632819923613
2021-12-03,2.8469594304838606
2021-12-04,2.7837810677155352
2021-12-05,2.335078874865069
2021-12-06,2.394525163063152
2021-12-07,2.4016297220294445
2021-12-08,1.3740760721371084
2021-12-09,0.25094073907339354
2021-12-10,0.19214559271275178
2021-12-11,0.25397049413280115
2021-12-12,-0.032335878787944417
2021-12-13,0.22350370482924564
2021-12-14,0.4568933802884656
2021-12-15,-0.31920130714368966
2021-12-16,-1.1709225107707946
2021-12-17,-0.9439454596466579
2021-12-18,-0.5878357988281557
2021-12-19,-0.5773041304470992
2021-12-20,-0.028010225262034005
2021-12-21,0.48966958314207076
2021-12-22,-0.016793793187895645
2021-12-23,-0.6186299675453952
2021-12-24,-0.16608388511332883
2021-12-25,0.3873241182976459
2021-12-26,0.5636255843818558
2021-12-27,1.2446642646627888
2021-12-28,1.8583746429300652
2021-12-29,1.4113721324653516
2021-12-30,0.832411745075853
2021-12-31,1.2720598411800585
2022-01-01,1.778401290366113
2022-01-02,1.875815630663781
2022-01-03,2.4491694073986507
2022-01-04,2.9300116560842135
2022-01-05,2.329068198612431
2022-01-06,1.5795940236096317
2022-01-07,1.8369310592923869
2022-01-08,2.1540965241685575
2022-01-09,2.0604383844217242
2022-01-10,2.445708050793898
2022-01-11,2.7461401698011447
2022-01-12,1.9768379366411635
2022-01-13,1.0750257598662145
2022-01-14,1.1995188854328491
2022-01-15,1.4062371511300311
2022-01-16,1.226801026585111
2022-01-17,1.5525613030950858
2022-01-18,1.8206530986651117
2022-01-19,1.0463729806640742
2022-01-20,0.1664409717254225
2022-01-21,0.3384965500769148
2022-01-22,0.6166549044268805
2022-01-23,0.5301603019720682
2022-01-24,0.9674862882153832
2022-01-25,1.3624714355742498
2022-01-26,0.7267872443342105
2022-01-27,-0.006702429265231125
2022-01-28,0.3156561725303195
2022-01-29,0.7439660462527167
2022-01-30,0.8035348290080275
2022-01-31,1.3790734625028822
2022-02-01,1.9009244419810454
2022-02-02,1.3776140438813131
2022-02-03,0.7392859342727345
2022-02-04,1.1373610583268627
2022-02-05,1.6202461157123684
2022-02-06,1.7121238751875403
2022-02-07,2.2971718767660367
2022-02-08,2.8057955751854715
2022-02-09,2.2471704310005354
2022-02-10,1.5526508363386666
2022-02-11,1.8753916151606287
2022-02-12,2.266005570445889
2022-02-13,2.2512917926914495
2022-02-14,2.718382991626261
2022-02-15,3.100899823987533
2022-02-16,2.4114087972065024
2022-02-17,1.584743809775051
2022-02-18,1.7775392863313932
2022-02-19,2.043800586644064
2022-02-20,1.9135485434671198
2022-02-21,2.2768884136592265
2022-02-22,2.5700930715376087
2022-02-23,1.8079986709832871
2022-02-24,0.9272742371181382
2022-02-25,1.0859142686734948
2022-02-26,1.3387808535560017
2022-02-27,1.2162326610829517
2022-02-28,1.6081912820921929
2022-03-01,1.950234612316617
2022-03-02,1.2560150606684495
2022-03-03,0.46056330370906196
2022-03-04,0.7198256570217598
2022-03-05,1.0862603143942202
2022-03-06,1.0875283607947912
2022-03-07,1.610628406504846
2022-03-08,2.0880627904091877
2022-03-09,1.530331308127189
2022-03-10,0.8693113276195383
2022-03-11,1.25787051754926
2022-03-12,1.7455356512107842
2022-03-13,1.8572517037536915
2022-03-14,2.4775785398650867
2022-03-15,3.0369117626060125
2022-03-16,2.54402250386406
2022-03-17,1.929474070128765
2022-03-18,2.345260963732644
2022-03-19,2.840493292998314
2022-03-20,2.9401606002301133
2022-03-21,3.529322475477059
2022-03-22,4.039312849563624
2022-03-23,3.480253308465601
2022-03-24,2.784434124528377
2022-03-25,3.105909503303936
2022-03-26,3.4961312075070166
2022-03-27,3.482655873691939
2022-03-28,3.9532747819007508
2022-03-29,4.342154434743388
2022-03-30,3.6622847863755794
2022-03-31,2.8487953151576675
2022-04-01,3.0584869029007944
2022-04-02,3.345405079157297
2022-04-03,3.2394912464562733
2022-04-04,3.6306618227647163
2022-04-05,3.9549046864291117
2022-04-06,3.2266906261251833
2022-04-07,2.382260669938769
2022-04-08,2.5791377447238832
2022-04-09,2.8716885145057276
2022-04-10,2.789772105002428
2022-04-11,3.222825545816661
2022-04-12,3.605975022444675
2022-04-13,2.952470170446302
2022-04-14,2.1970016535529107
2022-04-15,2.49524970020726
2022-04-16,2.8994885468400358
2022-04-17,2.9372824929516024
2022-04-18,3.495622319945571
2022-04-19,4.0070900332242605
2022-04-20,3.482347999200388
2022-04-21,2.8535115548858054
2022-04-22,3.2737516210129316
2022-04-23,3.792951166681825
2022-04-24,3.9364501944888346
2022-04-25,4.589227045496054
2022-04-26,5.182103130897239
2022-04-27,4.72426642391466
2022-04-28,4.146672177331524
2022-04-29,4.60166692007738
2022-04-30,5.138659244018194
2022-05-01,5.282871856721321
2022-05-02,5.919522650511378
2022-05-03,6.480021987388562
2022-05-04,5.974481762971311
2022-05-05,5.3350950744689145
2022-05-06,5.715733026197889
2022-05-07,6.167582773600795
2022-05-08,6.217861968231098
2022-05-09,6.753958123625862
2022-05-10,7.209580939162342
2022-05-11,6.597224034527281
2022-05-12,5.85149584488013
2022-05-13,6.1286671541945275
2022-05-14,6.482260313863265
2022-05-15,6.441716240849268
2022-05-16,6.896488616644402
2022-05-17,7.282154179701977
2022-05-18,6.612836359064903
2022-05-19,5.824502720418111
2022-05-20,6.074484337014966
2022-05-21,6.417042670184389
2022-05-22,6.38202048494478
2022-05-23,6.858926538756334
2022-05-24,7.283043132750776
2022-05-25,6.667853845464994
2022-05-26,5.948351866449263
2022-05-27,6.280576861869711
2022-05-28,6.7172056524453705
2022-05-29,6.786232804766806
2022-05-30,7.375090335968503
2022-05-31,7.916794977700085
2022-06-01,7.422419581184434
2022-06-02,6.824448259838303
2022-06-03,7.276362312109971
2022-06-04,7.828281262428275
2022-06-05,8.005694142721355
2022-06-06,8.69362921799991
2022-06-07,9.322849606112316
2022-06-08,8.902370397888413
2022-06-09,8.362855938059191
2022-06-10,8.856243432343865
2022-06-11,9.431416418676651
2022-06-12,9.61296252004282
2022-06-13,10.285363088423873
2022-06-14,10.879201721385368
2022-06-15,10.403686926416725
2022-06-16,9.790047409432432
2022-06-17,10.191146122784431
2022-06-18,10.657136738417673
2022-06-19,10.71419724938508
2022-06-20,11.24868875025494
2022-06-21,11.693326967805831
2022-06-22,11.059662546086582
2022-06-23,10.281429417100142
2022-06-24,10.514108357165867
2022-06-25,10.810530449654712
2022-06-26,10.699556281559875
2022-06-27,11.070180093670132
2022-06-28,11.357647644927798
2022-06-29,10.575884977581458
2022-06-30,9.660798563445969
2022-07-01,9.769795020113293
2022-07-02,9.95734612041225
2022-07-03,9.753635814409
2022-07-04,10.048639242352106
2022-07-05,10.278223104820082
2022-07-06,9.456565012739631
2022-07-07,8.519452551224887
2022-07-08,8.623810308496465
2022-07-09,8.823280460067938
2022-07-10,8.646893299104299
2022-07-11,8.983177172839582
2022-07-12,9.266296492352096
2022-07-13,8.508514573365463
2022-07-14,7.643541029791258
2022-07-15,7.826110834224259
2022-07-16,8.107619400126767
2022-07-17,8.01484877157164
2022-07-18,8.43413303705713
2022-07-19,8.79755028573133
2022-07-20,8.115436542353976
2022-07-21,7.319780142185074
2022-07-22,7.563842492342012
2022-07-23,7.8978285298387885
2022-07-24,7.847641068118623
2022-07-25,8.299066429338168
2022-07-26,8.683978155890731
2022-07-27,8.012853922540085
2022-07-28,7.218164015072821
2022-07-29,7.453977451140851
2022-07-30,7.771609405424037
2022-07-31,7.698344699061481
2022-08-01,8.121585521755218
2022-08-02,8.475011136344593
2022-08-03,7.771045805294763
2022-08-04,6.944194557196347
2022-08-05,7.15059422367592
2022-08-06,7.443604831529415
2022-08-07,7.352477563911252
2022-08-08,7.766448906088233
2022-08-09,8.120850127689788
2022-08-10,7.429529660752903
2022-08-11,6.628149193519415
2022-08-12,6.873701961645865
2022-08-13,7.220079193148411
2022-08-14,7.196721588121351
2022-08-15,7.692705892529287
2022-08-16,8.142855924755265
2022-08-17,7.560175576960887
2022-08-18,6.879164329249493
2022-08-19,7.255363237715942
2022-08-20,7.740956606119743
2022-08-21,7.863465268392978
2022-08-22,8.509880405089755
2022-08-23,9.112825963757151
2022-08-24,8.683045798412444
2022-08-25,8.152774579350076
2022-08-26,8.675338907840061
2022-08-27,9.300812321668081
2022-08-28,9.554758639721667
2022-08-29,10.322411176268877
2022-08-30,11.034874628440681
2022-08-31,10.701644648188982
2022-09-01,10.25400324078298
2022-09-02,10.844635737280193
2022-09-03,11.523292583060964
2022-09-04,11.815530204752173
2022-09-05,12.606878565833462
2022-09-06,13.329022559962507
2022-09-07,12.992292857320074
2022-09-08,12.529025194045655
2022-09-09,13.093134922471547
2022-09-10,13.735731328645652
2022-09-11,13.983807403805784
2022-09-12,14.72435422555236
2022-09-13,15.390488721239176
2022-09-14,14.99389208473169
2022-09-15,14.468119477479519
2022-09-16,14.968129410169219
2022-09-17,15.545858780873697
2022-09-18,15.728880573144297
2022-09-19,16.404494493052734
2022-09-20,17.00584021224509
2022-09-21,16.54433112421855
2022-09-22,15.95296959968925
2022-09-23,16.385892195686043
2022-09-24,16.893970549262427
2022-09-25,17.00350441200778
2022-09-26,17.600356264741883
2022-09-27,18.11611606583952
2022-09-28,17.56059267889992
2022-09-29,16.865191390037516
2022-09-30,17.182524219945364
2022-10-01,17.562076884219223
2022-10-02,17.528966902846225
2022-10-03,17.968140318812825
2022-10-04,18.31059363035234
2022-10-05,17.565915619695357
2022-10-06,16.66570676546752
2022-10-07,16.763221411849837
2022-10-08,16.909055253429578
2022-10-09,16.62991162130984
2022-10-10,16.812793328138508
2022-10-11,16.891206314178138
2022-10-12,15.87766977228413
2022-10-13,14.70709079984073
2022-10-14,14.536349476136774
2022-10-15,14.419918002755715
2022-10-16,13.888548803504172
2022-10-17,13.833380054557015
2022-10-18,13.692046863092271
2022-10-19,12.481094964990188
2022-10-20,11.13925734551242
2022-10-21,10.826942142022972
2022-10-22,10.601757969149084
2022-10-23,9.997114043358948
2022-10-24,9.906245970559128
2022-10-25,9.76825765636756
2022-10-26,8.600478238372315
2022-10-27,7.341696203701034
2022-10-28,7.151620490640575
2022-10-29,7.0863957915258275
2022-10-30,6.677210113513913
2022-10-31,6.814345718810531
2022-11-01,6.9332637261216785
2022-11-02,6.047020655876027
2022-11-03,5.089578035078172
2022-11-04,5.215353401550049
2022-11-05,5.474838084609181
2022-11-06,5.393317637402373
2022-11-07,5.855043569461381
2022-11-08,6.289443954141531
2022-11-09,5.703668316279823
2022-11-10,5.026024938085446
2022-11-11,5.405655916814913
2022-11-12,5.888272391150897
2022-11-13,5.994982970937295
2022-11-14,6.606561369486907
2022-11-15,7.1497384224419775
2022-11-16,6.629811827978823
2022-11-17,5.974130050234514
2022-11-18,6.3317944429697315
2022-11-19,6.749401188616708
2022-11-20,6.74985574438794
2022-11-21,7.216605942965056
2022-11-22,7.579879571247406
2022-11-23,6.849220880914062
2022-11-24,5.956884046784276
2022-11-25,6.057429624065325
2022-11-26,6.2033479671613945
2022-11-27,5.923744987658462
2022-11-28,6.108439339039908
2022-11-29,6.194059975861864
2022-11-30,5.196441774174714
2022-12-01,4.053880493106121
2022-12-02,3.9265963441541922
2022-12-03,3.872233219992225
2022-12-04,3.424431847766777
2022-12-05,3.4768285697966097
2022-12-06,3.469070978978649
2022-12-07,2.4191499838892785
2022-12-08,1.266611034386508
2022-12-09,1.171994752702795
2022-12-10,1.1923345042642062
2022-12-11,0.8597491483042692
2022-12-12,1.0654821403038328
2022-12-13,1.245977190192745
2022-12-14,0.4152885615069888
2022-12-15,-0.49161317682179373
2022-12-16,-0.31929200162319393
2022-12-17,-0.01622898027619435
2022-12-18,-0.056101153532734926
2022-12-19,0.4463913429367983
2022-12-20,0.9217369365998485
2022-12-21,0.3781579205074532
2022-12-22,-0.2549529648452946
2022-12-23,0.17264021835457566
2022-12-24,0.7077475712748003
2022-12-25,0.872575298263742
2022-12-26,1.5489844466984541
2022-12-27,2.1647715703795143
2022-12-28,1.7262647082811027
2022-12-29,1.1617912955492047
2022-12-30,1.6213623534258579
2022-12-31,2.1523949501527877
2023-01-01,2.2785061174884484
2023-01-02,2.883724944787904
2023-01-03,3.398709312367487
2023-01-04,2.8332624000299473
2023-01-05,2.1197076907405332
2023-01-06,2.412469223387613
2023-01-07,2.7636817357754806
2023-01-08,2.7018667058221766
2023-01-09,3.116023939186155
2023-01-10,3.441728121080727
2023-01-11,2.6935283806425847
2023-01-12,1.8082123854163878
2023-01-13,1.9442843348672278
2023-01-14,2.1574838635823355
2023-01-15,1.9793839308698455
2023-01-16,2.301419064888564
2023-01-17,2.560934712071031
2023-01-18,1.77355665774994
2023-01-19,0.8764425203447654
2023-01-20,1.027764733127471
2023-01-21,1.2822516345222486
2023-01-22,1.1698239342095427
2023-01-23,1.5796767197232136
2023-01-24,1.9463961920466861
2023-01-25,1.2824082187242807
2023-01-26,0.5213185653619767
2023-01-27,0.8174918709306134
2023-01-28,1.2216934935561063
2023-01-29,1.2598289182319506
2023-01-30,1.817128299320009
2023-01-31,2.3243627831818046
2023-02-01,1.7903872679205968
2023-02-02,1.1455672000001673
2023-02-03,1.5414344367189718
2023-02-04,2.026394536472897
2023-02-05,2.124518715709984
2023-02-06,2.719766936160352
2023-02-07,3.242228024423614
2023-02-08,2.7006711164233526
2023-02-09,2.0259660440808354
2023-02-10,2.3707180863819746
2023-02-11,2.78494019989117
2023-02-12,2.794797056078859
2023-02-13,3.286768740383243
2023-02-14,3.693821669700743
2023-02-15,3.0278828931934045
2023-02-16,2.2231774336655556
2023-02-17,2.435776245551944
2023-02-18,2.719180116932745
2023-02-19,2.602976057731796
2023-02-20,2.976916191168529
2023-02-21,3.2770087618484927
2023-02-22,2.517919327368406
2023-02-23,1.636243493442648
2023-02-24,1.7900002334012317
2023-02-25,2.0341723143134125
2023-02-26,1.8993312717667132
2023-02-27,2.275697538637739
2023-02-28,2.5992256086269334
2023-03-01,1.8840122474042929
2023-03-02,1.0655887430416664
2023-03-03,1.3004455687640117
2023-03-04,1.6416150350096705
2023-03-05,1.6173481784091432
2023-03-06,2.115235083462169
2023-03-07,2.5683569315318664
2023-03-08,1.9877660693140156
2023-03-09,1.3058532779057712
2023-03-10,1.6759487606707246
2023-03-11,2.147980573919762
2023-03-12,2.2472249415850802
2023-03-13,2.858495932605324
2023-03-14,3.412361207566835
2023-03-15,2.917678703237342
2023-03-16,2.305012207936067
2023-03-17,2.726271338460763
2023-03-18,3.230398875240065
2023-03-19,3.342139382794723
2023-03-20,3.9462363401709286
2023-03-21,4.473644494240487
2023-03-22,3.9340525653062044
2023-03-23,3.259274761376847
2023-03-24,3.6028573407002873
2023-03-25,4.015724110925673
2023-03-26,4.024895900569865
2023-03-27,4.517632482434696
2023-03-28,4.9275850309951155
2023-03-29,4.267255691799422
2023-03-30,3.471324212158085
2023-03-31,3.696189374242515
2023-04-01,3.9955505947676575
2023-04-02,3.899066143669568
2023-04-03,4.2964377884794365
2023-04-04,4.623511155889533
2023-04-05,3.894689456144996
2023-04-06,3.0462214248293917
2023-04-07,3.2357119500986604
2023-04-08,3.5176812865701574
2023-04-09,3.422209648288887
2023-04-10,3.8390171283704007
2023-04-11,4.203568180465192
2023-04-12,3.529498060778922
2023-04-13,2.7519216580194614
2023-04-14,3.0269725859565417
2023-04-15,3.4073976974196607
2023-04-16,3.4212429405734435
2023-04-17,3.955979526298666
2023-04-18,4.444658579319183
2023-04-19,3.898390550093428
2023-04-20,3.249708658828932
2023-04-21,3.6521630807739216
2023-04-22,4.155969880740777
2023-04-23,4.2867495045326045
2023-04-24,4.929702742089699
2023-04-25,5.515811359814815
2023-04-26,5.054358800086357
2023-04-27,4.4763294512975325
2023-04-28,4.93403255300342
2023-04-29,5.476774232158235
2023-04-30,5.629612105779947
2023-05-01,6.277540135555529
2023-05-02,6.851690846930564
2023-05-03,6.3618503682930445
2023-05-04,5.739844989592716
2023-05-05,6.139145632839765
2023-05-06,6.610514181445558
2023-05-07,6.680726667212953
2023-05-08,7.236721664253484
2023-05-09,7.711761752617439
2023-05-10,7.117904329244956
2023-05-11,6.389341343598845
2023-05-12,6.6819552681394425
2023-05-13,7.048916191431008
2023-05-14,7.0193559798447565
2023-05-15,7.482468794015164
2023-05-16,7.873626733345344
2023-05-17,7.206807754499225
2023-05-18,6.4178962528420325
2023-05-19,6.664204357781318
2023-05-20,7.000039487394703
2023-05-21,6.955354671241871
2023-05-22,7.4198313860981235
2023-05-23,7.828984023962674
2023-05-24,7.196583365401242
2023-05-25,6.457959550889776
2023-05-26,6.769532578807086
2023-05-27,7.184395726733469
2023-05-28,7.23098813116778
2023-05-29,7.797205875555045
2023-05-30,8.316540195512927
2023-05-31,7.800539556425637
2023-06-01,7.182155380397831
2023-06-02,7.6153186498392635
2023-06-03,8.1505719104714
2023-06-04,8.31379197825953
2023-06-05,8.990351728887969
2023-06-06,9.611308584918373
2023-06-07,9.185915458043269
2023-06-08,8.645012940928039
2023-06-09,9.140649028152371
2023-06-10,9.72174999531035
2023-06-11,9.91287691980055
2023-06-12,10.598415491635794
2023-06-13,11.20878610625574
2023-06-14,10.752969495601942
2023-06-15,10.161906325438272
2023-06-16,10.58811681694543
2023-06-17,11.081363952650356
2023-06-18,11.167394838235506
2023-06-19,11.73210811499327
2023-06-20,12.207734817521668
2023-06-21,11.605328486392144
2023-06-22,10.858123659053682
2023-06-23,11.121109621794512
2023-06-24,11.44664392173457
2023-06-25,11.36314124483167
2023-06-26,11.759186663732844
2023-06-27,12.069661810419875
2023-06-28,11.308180969960361
2023-06-29,10.41039740543474
2023-06-30,10.53352795669517
2023-07-01,10.731921518365573
2023-07-02,10.53570802951068
2023-07-03,10.834877900547
2023-07-04,11.065381226264456
2023-07-05,10.241544426857445
2023-07-06,9.299365106858186
2023-07-07,9.396033474864918
2023-07-08,9.585506040282253
2023-07-09,9.397168135418958
2023-07-10,9.7199349086646
2023-07-11,9.988379665892765
2023-07-12,9.215186546973792
2023-07-13,8.334487502221545
2023-07-14,8.501430934215502
2023-07-15,8.767806613123064
2023-07-16,8.6607622003344
2023-07-17,9.066959735662998
2023-07-18,9.418759628461984
2023-07-19,8.726727788855253
2023-07-20,7.923024532503211
2023-07-21,8.161021345639618
2023-07-22,8.490968924575997
2023-07-23,8.438750746585091
2023-07-24,8.89006959329961
2023-07-25,9.276653801969964
2023-07-26,8.608778305716445
2023-07-27,7.818658727642987
2023-07-28,8.060064464677968
2023-07-29,8.383974248245364
2023-07-30,8.317308735395784
2023-07-31,8.747088066511386
2023-08-01,9.106601886878048
2023-08-02,8.40788780523372
2023-08-03,7.585077634250165
2023-08-04,7.793958570268611
2023-08-05,8.087574131661475
2023-08-06,7.994900818466503
2023-08-07,8.404949879079682
2023-08-08,8.752883133635992
2023-08-09,8.052440244173564
2023-08-10,7.239238120298708
2023-08-11,7.4702908523608675
2023-08-12,7.799576083144161
2023-08-13,7.756684699795807
2023-08-14,8.230903952014705
2023-08-15,8.657323447272203
2023-08-16,8.049261680113517
2023-08-17,7.3415738083090565
2023-08-18,7.690188846773587
2023-08-19,8.147701728434653
2023-08-20,8.242056422109613
2023-08-21,8.86066930934073
2023-08-22,9.436581177725172
2023-08-23,8.980934234137095
2023-08-24,8.42633346988992
2023-08-25,8.926439078159168
2023-08-26,9.53161385245028
2023-08-27,9.76766022766624
2023-08-28,10.51999467158366
2023-08-29,11.21984636637055
2023-08-30,10.876775282045203
2023-08-31,10.422067826116074
2023-09-01,11.00835580913791
2023-09-02,11.685281910112874
2023-09-03,11.978245796932702
2023-09-04,12.772578358315634
2023-09-05,13.49973099983668
2023-09-06,13.169775385381994
2023-09-07,12.714772348742919
2023-09-08,13.288356503882397
2023-09-09,13.941360754911312
2023-09-10,14.200516079784634
2023-09-11,14.952575432036653
2023-09-12,15.630450232222998
2023-09-13,15.24565643851366
2023-09-14,14.731630573402363
2023-09-15,15.243263884079
2023-09-16,15.83248043605416
2023-09-17,16.02689601507532
2023-09-18,16.713908040455447
2023-09-19,17.32680613671492
2023-09-20,16.87720130772185
2023-09-21,16.298334793392186
2023-09-22,16.744615213394255
2023-09-23,17.267209931031957
2023-09-24,17.392727343276498
2023-09-25,18.007339827853045
2023-09-26,18.542936226312342
2023-09-27,18.009600760021023
2023-09-28,17.338978156689826
2023-09-29,17.683872066372935
2023-09-30,18.093900989869226
2023-10-01,18.09424657561849
2023-10-02,18.569842075245923
2023-10-03,18.951587858156163
2023-10-04,18.248888920387753
2023-10-05,17.39307227582907
2023-10-06,17.537029545766025
2023-10-07,17.730907385248727
2023-10-08,17.500879244418837
2023-10-09,17.733345166226755
2023-10-10,17.861145737626906
2023-10-11,16.896084680034487
2023-10-12,15.772317871703246
2023-10-13,15.645954387076303
2023-10-14,15.570692826613696
2023-10-15,15.076527427066896
2023-10-16,15.053871984059867
2023-10-17,14.939689344835992
2023-10-18,13.749922871465042
2023-10-19,12.422789810434693
2023-10-20,12.11828447410513
2023-10-21,11.893716947663588
2023-10-22,11.282324309768846
2023-10-23,11.17730489095294
2023-10-24,11.017865748491324
2023-10-25,9.821582043203092
2023-10-26,8.527630341484096
2023-10-27,8.296245579809009
2023-10-28,8.18422892931164
2023-10-29,7.72354471970863
2023-10-30,7.8053577283031395
2023-10-31,7.866101377893538
2023-11-01,6.919875460842584
2023-11-02,5.901734905255053
2023-11-03,5.9672183793026266
2023-11-04,6.167942612846737
2023-11-05,6.0302988473183134
2023-11-06,6.439600619199337
2023-11-07,6.82627101577806
2023-11-08,6.198365366028767
2023-11-09,5.4849880415843835
2023-11-10,5.83594920441937
2023-11-11,6.297484374404029
2023-11-12,6.3910702490297675
2023-11-13,6.997683103399402
2023-11-14,7.544085205490095
2023-11-15,7.035432748141828
2023-11-16,6.3987618167660365
2023-11-17,6.78269643509257
2023-11-18,7.2332001768789755
2023-11-19,7.272403837803479
2023-11-20,7.782855031291975
2023-11-21,8.193775168281691
2023-11-22,7.513617839711595
2023-11-23,6.6734861216746
2023-11-24,6.826754308711734
2023-11-25,7.024717456161654
2023-11-26,6.795303504904323
2023-11-27,7.027196464157155
2023-11-28,7.155958995277559
2023-11-29,6.196451500412297
2023-11-30,5.0861084490166455
2023-12-01,4.984420711326526
2023-12-02,4.948450514712475
2023-12-03,4.511416924090392
2023-12-04,4.566703266756376
2023-12-05,4.553877534154455
2023-12-06,3.491025233532007
2023-12-07,2.3179574132100935
2023-12-08,2.1956441946025365
2023-12-09,2.181701525997574
2023-12-10,1.8089696673853544
2023-12-11,1.969534928929642
2023-12-12,2.1007852904130564
2023-12-13,1.2177984724356552
2023-12-14,0.25662380681093566
2023-12-15,0.37380642341784487
2023-12-16,0.6219792583253678
2023-12-17,0.5285588427976986
2023-12-18,0.9798935697694207
2023-12-19,1.4074520324977229
2023-12-20,0.8203468415608377
2023-12-21,0.148752048541005
2023-12-22,0.5435594987387553
2023-12-23,1.052096524652546
2023-12-24,1.1969380233194453
2023-12-25,1.8601589442413395
2023-12-26,2.469612422994488
2023-12-27,2.0315269727958
2023-12-28,1.47397928042359
2023-12-29,1.9465867945152544
2023-12-30,2.496241855666562
2023-12-31,2.6459202336098784
2024-01-01,3.2789104053572204
2024-01-02,3.8250495899232733
2024-01-03,3.293261182565419
2024-01-04,2.614951781498374
2024-01-05,2.9436140133236455
2024-01-06,3.330459243425561
2024-01-07,3.303115631312737
2024-01-08,3.7497406512540024
2024-01-09,4.105137001117265
2024-01-10,3.3831694978192965
2024-01-11,2.5200440825986705
2024-01-12,2.6737979751147565
2024-01-13,2.8998277293500383
2024-01-14,2.7294930877472234
2024-01-15,3.054147902578312
2024-01-16,3.311188858625931
2024-01-17,2.516421028326416
2024-01-18,1.6073024060992411
2024-01-19,1.742417054858815
2024-01-20,1.977003772768481
2024-01-21,1.8415778946217465
2024-01-22,2.225996790318945
2024-01-23,2.5655586866584486
2024-01-24,1.8734323672471938
2024-01-25,1.0839780941040127
2024-01-26,1.3523073034162207
2024-01-27,1.7299056809811342
2024-01-28,1.7433547680069603
2024-01-29,2.27850009815252
2024-01-30,2.7666528980687426
2024-01-31,2.217120344904062
2024-02-01,1.5606222592523906
2024-02-02,1.9489394769698825
2024-02-03,2.430616408060942
2024-02-04,2.5297510966150343
2024-02-05,3.130219248752291
2024-02-06,3.6619180632926076
2024-02-07,3.133324022262957
2024-02-08,2.4749220598535304
2024-02-09,2.838851275555643
2024-02-10,3.2745900001296544
2024-02-11,3.307714193411905
2024-02-12,3.8240766483900934
2024-02-13,4.255994155251503
2024-02-14,3.6147383754306515
2024-02-15,2.8338896667150006
2024-02-16,3.068901028074472
2024-02-17,3.3726971034233513
2024-02-18,3.274344426290053
2024-02-19,3.6631425992323137
2024-02-20,3.9747257420847752
2024-02-21,3.2234720469113887
2024-02-22,2.3457826257256214
2024-02-23,2.499578576102624
2024-02-24,2.739842731484255
2024-02-25,2.5972435430533745
2024-02-26,2.962191762587695
2024-02-27,3.2709199276615033
2024-02-28,2.5378828350800946
2024-02-29,1.6990402145537082
2024-03-01,1.911370236943469
2024-03-02,2.2284397290132327
2024-03-03,2.1790676633759
2024-03-04,2.651431457843467
2024-03-05,3.0792047263579043
2024-03-06,2.474023121551669
2024-03-07,1.768837789798262
2024-03-08,2.117503280690963
2024-03-09,2.57042393487764
2024-03-10,2.653293461165953
2024-03-11,3.2512754149655123
2024-03-12,3.7952114769856764
2024-03-13,3.2941525484197793
2024-03-14,2.6787707156931306
2024-03-15,3.1009976471336342
2024-03-16,3.609712380778474
2024-03-17,3.7295123853536687
2024-03-18,4.344915028191712
2024-03-19,4.886576029710723
2024-03-20,4.3638198621532
2024-03-21,3.7080403438517116
2024-03-22,4.072317435479824
2024-03-23,4.507073871917097
2024-03-24,4.538806395157837
2024-03-25,5.054239788993284
2024-03-26,5.486491516507665
2024-03-27,4.847543261824478
2024-03-28,4.071579059414729
2024-03-29,4.314537502553393
2024-03-30,4.629703167297018
2024-03-31,4.546373502721201
2024-04-01,4.953950822750905
2024-04-02,5.288048552736978
2024-04-03,4.562909273578727
2024-04-04,3.714695351780103
2024-04-05,3.9010005946527553
2024-04-06,4.176408839726802
2024-04-07,4.071136314538556
2024-04-08,4.4751077917492985
2024-04-09,4.824055883392283
2024-04-10,4.131941009596542
2024-04-11,3.3342526300525934
